순번,리뷰ID,작성자,작성일자,평점,구매옵션_RAM,구매옵션_저장용량,구매옵션_색상,평가_무게,평가_성능,리뷰내용,추천수,사진수,사진URL,어뷰징_봇_의심도,의심점수(0-100),검사_사유
1,5074519663,khsc****,2026.09.30,4,8GB,512GB,실버,가벼워요,좋아요,사용하기에 좋아요.,0,0,,주의(Suspicious),45,초단문 리뷰 (10자 - 포인트 파밍 의심)
2,5074114800,derm****,2026.09.30,5,8GB,256GB,시트러스,가벼워요,좋아요,가볍고 편리하고 헤비 유저가 아닌 나로서는 기본적인 작업들 하기에 딱 맞는 선택 같아서 좋네요 ...,0,1,https://phinf.pstatic.net/checkout.phinf/20260930_207/1790734591054Ux4Mr_JPEG/image.jpg,정상(Genuine),0,실사용 맥락 명시 (작업); 실물 인증 사진 첨부 (1장)
3,5074073222,dhee****,2026.09.30,5,8GB,512GB,시트러스,적당해요,좋아요,배송이 예정된 날짜에 맞춰 빠르게 도착했습니다. 포장 상태도 매우 만족합니다.,0,0,,정상(Genuine),0,특이사항 없음
4,5072895836,k525******,2026.09.28,5,8GB,512GB,시트러스,무거워요,좋아요,빠른 배송 감사합니다,0,1,https://phinf.pstatic.net/checkout.phinf/20260928_254/1790583557843KJuiu_JPEG/1000029604.jpg,주의(Suspicious),30,초단문 리뷰 (11자 - 포인트 파밍 의심); 실물 인증 사진 첨부 (1장)
5,5072479681,toyo******,2026.09.27,5,8GB,512GB,시트러스,무거워요,좋아요,역시 호환성과 든든한 지구력. 좋다,0,2,https://phinf.pstatic.net/checkout.phinf/20260927_2/1790511642280v7bPz_JPEG/IMG_3691.jpeg | https://phinf.pstatic.net/checkout.phinf/20260927_297/1790511642613efu85_JPEG/IMG_3690.jpeg,주의(Suspicious),30,초단문 리뷰 (19자 - 포인트 파밍 의심); 실물 인증 사진 첨부 (2장)
6,5071982588,he****,2026.09.26,5,8GB,512GB,시트러스,적당해요,좋아요,가격 오르기 전에 살 걸~~,0,1,https://phinf.pstatic.net/checkout.phinf/20260926_223/1790404310867lNtbG_JPEG/IMG_3838.jpeg,주의(Suspicious),30,초단문 리뷰 (15자 - 포인트 파밍 의심); 실물 인증 사진 첨부 (1장)
7,5071038715,dd****,2026.09.23,5,8GB,256GB,블러시,적당해요,좋아요,만족스럽습니다. 배송도 빨라요,0,1,https://phinf.pstatic.net/checkout.phinf/20260923_268/1790164327484DalnX_JPEG/IMG_8541.jpeg,주의(Suspicious),30,초단문 리뷰 (16자 - 포인트 파밍 의심); 실물 인증 사진 첨부 (1장)
8,5071017150,cute******,2026.09.23,5,8GB,256GB,블러시,적당해요,좋아요,가벼운 작업 하려고 주문했어요. 좋습니다!!,0,1,https://phinf.pstatic.net/checkout.phinf/20260923_12/1790161830908DXm86_JPEG/1000023599.jpg,정상(Genuine),0,단문 리뷰 (24자); 실사용 맥락 명시 (작업); 실물 인증 사진 첨부 (1장)
9,5070492839,ryui****,2026.09.22,5,8GB,256GB,인디고,적당해요,좋아요,일단 어느곳보다 저렴하게 구매했어요. 배송도 2일밖에 걸리지 않아 만족합니다. 가성비가 정말 좋은 제품같아요!!,0,1,https://phinf.pstatic.net/checkout.phinf/20260922_221/1790084268818t6RH5_PNG/CC62DF6A-2738-4872-842D-5133CD9ED12D.png,정상(Genuine),0,실물 인증 사진 첨부 (1장)
10,5070375151,love********,2026.09.22,5,8GB,256GB,인디고,무거워요,좋아요,디자인이 다했네요 ㅠㅠ 맥북병은 맥북을 사야 고쳐지는듯요 ㅠㅠ 환불하고 512로 바꾸려고 하다가 ㅠ 박스여는순간 사랑에 빠졌어요 ㅠ 부디 기기적으로 흠없길 바랍니다~^^,0,1,https://phinf.pstatic.net/checkout.phinf/20260922_169/1790076011537OklgM_JPEG/image.jpg,정상(Genuine),0,"실사용 맥락 명시 (512, 환불); 실물 인증 사진 첨부 (1장)"
11,5070322643,aeae*****,2026.09.22,5,8GB,256GB,블러시,적당해요,좋아요,배송이 너무너무 빠르구 진짜 예뻐요&hellip; 생각보다 무게는 좀 잇지만 행복합니다잉 ..🥹🥹,0,1,https://phinf.pstatic.net/checkout.phinf/20260922_69/1790072297194dVegx_JPEG/IMG_4476.jpeg,정상(Genuine),0,실물 인증 사진 첨부 (1장)
12,5070199657,harr*****,2026.09.22,5,8GB,256GB,블러시,적당해요,좋아요,맥북 입문용으로 딱이네요,0,2,https://phinf.pstatic.net/checkout.phinf/20260922_73/1790062357623uG8Fi_JPEG/IMG_2471.jpeg | https://phinf.pstatic.net/checkout.phinf/20260922_91/1790062357842sYxqg_JPEG/IMG_2473.jpeg,주의(Suspicious),30,초단문 리뷰 (13자 - 포인트 파밍 의심); 실물 인증 사진 첨부 (2장)
13,5069640989,sata******,2026.09.21,5,8GB,512GB,실버,가벼워요,좋아요,말모말모죠~~ 아들이 너무 좋아하네요~!!!,0,0,,정상(Genuine),20,단문 리뷰 (24자)
14,5069146668,dara*******,2026.09.20,5,8GB,256GB,블러시,가벼워요,좋아요,배송도 빠르고 첫 맥북인데 넘 마음에 들어요.,0,1,https://phinf.pstatic.net/checkout.phinf/20260920_215/17899138719722D2c4_JPEG/IMG_1334.jpeg,정상(Genuine),5,단문 리뷰 (25자); 실물 인증 사진 첨부 (1장)
15,5069091471,haha******,2026.09.20,5,8GB,512GB,시트러스,무거워요,좋아요,가격 오르기 전에 샀음 좋았을텐데 예뻐요,0,1,https://phinf.pstatic.net/checkout.phinf/20260920_137/1789907986756FK9Ae_JPEG/IMG_3923.jpeg,정상(Genuine),5,단문 리뷰 (22자); 실물 인증 사진 첨부 (1장)
16,5068833288,mcja****,2026.09.20,5,8GB,256GB,블러시,적당해요,좋아요,"디자인 깔끔해서 좋네요, 적응해보겠습니다",0,1,https://phinf.pstatic.net/checkout.phinf/20260920_222/1789881427641hQkOr_JPEG/IMG_7556.jpeg,정상(Genuine),5,단문 리뷰 (22자); 실물 인증 사진 첨부 (1장)
17,5068521109,subd*****,2026.09.19,5,8GB,512GB,실버,적당해요,좋아요,가성비 진짜 최고네요,0,1,https://phinf.pstatic.net/checkout.phinf/20260919_15/1789826117487YruAs_JPEG/IMG_2146.jpeg,주의(Suspicious),30,초단문 리뷰 (11자 - 포인트 파밍 의심); 실물 인증 사진 첨부 (1장)
18,5068442431,pika****,2026.09.19,5,8GB,256GB,블러시,적당해요,좋아요,완전 최고 !!! 맥북에 이런 가격에 배송까지 완벽합니다!,0,1,https://phinf.pstatic.net/checkout.phinf/20260919_226/1789818315081JO0Pp_JPEG/IMG_5546.jpeg,정상(Genuine),5,단문 리뷰 (32자); 실물 인증 사진 첨부 (1장)
19,5068393990,an****,2026.09.19,5,8GB,512GB,인디고,적당해요,좋아요,우리 아들이 너무 맘에 들어 합니다!,0,0,,정상(Genuine),20,단문 리뷰 (20자)
20,5066616271,suin****,2026.09.17,5,8GB,256GB,시트러스,적당해요,보통이에요,이쁘고 좋아요 삶의질이 올라갑니다 애플강추요,0,0,,정상(Genuine),20,단문 리뷰 (24자)
21,5066478111,5o****,2026.09.17,5,8GB,256GB,실버,적당해요,좋아요,집에서만 쓸거라 무게는 상관없는데 웹서핑 블로그작성 등의 용도로 너무 잘쓰고있어요 아주 만족합니당,0,1,https://phinf.pstatic.net/checkout.phinf/20260917_295/1789607108949q8QcU_JPEG/IMG_0470.jpeg,정상(Genuine),0,실사용 맥락 명시 (블로그); 실물 인증 사진 첨부 (1장)
22,5066465426,bg****,2026.09.17,5,8GB,512GB,시트러스,적당해요,보통이에요,굿 좋아요 색감도 실물 최고,0,2,https://phinf.pstatic.net/checkout.phinf/20260917_87/1789606186655THzpX_JPEG/IMG_6306.jpeg | https://phinf.pstatic.net/checkout.phinf/20260917_121/1789606188881Snfsw_JPEG/IMG_6305.jpeg,주의(Suspicious),30,초단문 리뷰 (15자 - 포인트 파밍 의심); 실물 인증 사진 첨부 (2장)
23,5066279494,tjdd*****,2026.09.16,5,8GB,256GB,블러시,적당해요,보통이에요,맥북 사고 싶었는데 색도 이쁘고 사용 잘할게요,0,1,https://phinf.pstatic.net/checkout.phinf/20260916_220/1789566182688WMaFA_JPEG/1000081961.jpg,정상(Genuine),5,단문 리뷰 (25자); 실물 인증 사진 첨부 (1장)
24,5065502468,wonm****,2026.09.15,5,8GB,512GB,인디고,적당해요,좋아요,256팔고 512로 정착합니다!! 저는 가벼운 문서작업이랑 영상시청용이라 저한테 딱 맞아요,0,1,https://phinf.pstatic.net/checkout.phinf/20260915_5/1789481660681pzuwu_JPEG/49632.jpg,정상(Genuine),0,"실사용 맥락 명시 (작업, 256, 512); 실물 인증 사진 첨부 (1장)"
25,5065430538,answ****,2026.09.15,4,8GB,512GB,인디고,적당해요,좋아요,배송이 좀 아쉬운것 빼고는 좋아요. 아이폰 유저는 맥북이 연동이 좋내요,0,1,https://phinf.pstatic.net/checkout.phinf/20260915_193/17894765894936ogj3_JPEG/IMG_5711.jpeg,정상(Genuine),0,실물 인증 사진 첨부 (1장)
26,5065185089,01****,2026.09.15,5,8GB,256GB,실버,적당해요,보통이에요,사긴샀ㄹ데 필요없어서 중고로 팔려구요,0,0,,정상(Genuine),20,단문 리뷰 (20자)
27,5064732906,pu****,2026.09.14,5,8GB,512GB,인디고,적당해요,좋아요,아이가 필요하다고해서 구매했는데 아이가 쓰기맥북으로 좋은거 같아요,0,2,https://phinf.pstatic.net/checkout.phinf/20260915_157/1789418415482npXXq_JPEG/1000002142.jpg | https://phinf.pstatic.net/checkout.phinf/20260915_202/1789418415414QXO7R_JPEG/1000002145.jpg,정상(Genuine),0,실물 인증 사진 첨부 (2장)
28,5064728633,simp******,2026.09.14,5,8GB,256GB,실버,가벼워요,좋아요,이가격댜에 살수 있는 미친 가성비 노트북,0,1,https://phinf.pstatic.net/checkout.phinf/20260915_166/1789412846502G17YB_JPEG/IMG_2594.jpeg,정상(Genuine),5,단문 리뷰 (22자); 실물 인증 사진 첨부 (1장)
29,5063905558,id36****,2026.09.13,5,8GB,512GB,인디고,적당해요,좋아요,잘받았습니다 감사합니다,0,1,https://phinf.pstatic.net/checkout.phinf/20260913_257/17892964732778IG7O_JPEG/20260913_123241.jpg,주의(Suspicious),30,초단문 리뷰 (12자 - 포인트 파밍 의심); 실물 인증 사진 첨부 (1장)
30,5063762781,pl****,2026.09.13,5,8GB,256GB,블러시,무거워요,좋아요,배송 빠르고 좋았어요!!,0,1,https://phinf.pstatic.net/checkout.phinf/20260913_166/1789280216364urr6d_JPEG/IMG_4371.jpeg,주의(Suspicious),30,초단문 리뷰 (13자 - 포인트 파밍 의심); 실물 인증 사진 첨부 (1장)
31,5063658258,suna****,2026.09.13,5,8GB,512GB,시트러스,가벼워요,좋아요,사용하기 편하고 좋아요,0,1,https://phinf.pstatic.net/checkout.phinf/20260913_102/1789269446748NCMgW_JPEG/image.jpg,주의(Suspicious),30,초단문 리뷰 (12자 - 포인트 파밍 의심); 실물 인증 사진 첨부 (1장)
32,5063287931,hsc3***,2026.09.12,5,8GB,256GB,블러시,무거워요,좋아요,배송빠르고 포장 꼼꼼해요.,0,1,https://phinf.pstatic.net/checkout.phinf/20260912_282/1789205435801ambdO_JPEG/334.jpg,주의(Suspicious),30,초단문 리뷰 (14자 - 포인트 파밍 의심); 실물 인증 사진 첨부 (1장)
33,5063278847,pyuh******,2026.09.12,5,8GB,512GB,시트러스,가벼워요,좋아요,맥북이 하루만에 도착했습니다. 배송이 빠르네요! 맥북 에어보다 훨씬 가벼워서 휴대하기 좋은것 같습니다. 남편이 대학원에서 논문 작업해야하니 노트북 가져오라 해서 급히 구매했는데 남편이 만족해 합니다. 가격도 딱 적당하고 학생용으로 안성맞춤입니다. 사무직 하는 직장인에게도 딱이에요.,0,1,https://phinf.pstatic.net/checkout.phinf/20260912_148/1789204537037mpP0w_JPEG/IMG_7133.jpeg,정상(Genuine),0,"실사용 맥락 명시 (대학원, 논문, 작업); 실물 인증 사진 첨부 (1장)"
34,5062652898,pnr1***,2026.09.11,5,8GB,512GB,인디고,적당해요,보통이에요,그냥 항상 쓰던 애플 컴퓨터라 사용합니다.,0,1,https://phinf.pstatic.net/checkout.phinf/20260911_173/1789121514862XeMyh_JPEG/image.jpg,정상(Genuine),5,단문 리뷰 (23자); 실물 인증 사진 첨부 (1장)
35,5062480409,py****,2026.09.11,5,8GB,512GB,인디고,적당해요,좋아요,가볍게 갖고 다닐 노트북을 찾다가 구매했어요 조그맣고 가벼워서 편하게 갖고 다닐수 있겠어요,0,0,,정상(Genuine),0,특이사항 없음
36,5061849083,monn***,2026.09.10,5,8GB,512GB,실버,무거워요,좋아요,공홈보다 저렴하게샀어요,0,1,https://phinf.pstatic.net/checkout.phinf/20260911_266/1789109471276yR7DJ_JPEG/image.jpg,주의(Suspicious),30,초단문 리뷰 (12자 - 포인트 파밍 의심); 실물 인증 사진 첨부 (1장)
37,5061341547,sh86****,2026.09.09,5,8GB,256GB,인디고,적당해요,좋아요,성능 좋고 예상보다 좋습니다. 만족합니다 (실물이 나아요),0,1,https://phinf.pstatic.net/checkout.phinf/20260910_239/1788971243909FFgrY_JPEG/image.jpg,정상(Genuine),5,단문 리뷰 (32자); 실물 인증 사진 첨부 (1장)
38,5061337112,jjun***,2026.09.09,5,8GB,256GB,실버,무거워요,좋아요,딸 대입선물로 사줬어요 만족합니다,0,1,https://phinf.pstatic.net/checkout.phinf/20260910_226/1788969626133byK4p_JPEG/1788969570395.jpg,주의(Suspicious),30,초단문 리뷰 (18자 - 포인트 파밍 의심); 실물 인증 사진 첨부 (1장)
39,5060117552,gkst*******,2026.09.08,5,8GB,512GB,시트러스,가벼워요,보통이에요,일단...예뻐서 구매했습니다!! 실물은 더 예쁘네요~전 간단한 일러스트 작업이나 서치를 하려고 구매했습니다. 아직 많이 사용해 보지 않았지만 좋은것 같아요. 맥북은 처음 써봐서 좀 헷갈리지만 괜찮습니다!,0,0,,정상(Genuine),0,"실사용 맥락 명시 (작업, 일러스트, 서치)"
40,5059759505,shir******,2026.09.07,5,8GB,256GB,블러시,적당해요,좋아요,배송 빠르고 좋습니다,0,0,,주의(Suspicious),45,초단문 리뷰 (11자 - 포인트 파밍 의심)
41,5059644482,0216***,2026.09.07,5,8GB,512GB,인디고,적당해요,좋아요,빠른배송 감사합니다.,0,1,https://phinf.pstatic.net/checkout.phinf/20260907_204/1788786375730zoaVy_PNG/EBA7A5EBB681EB84A4EC98A4.png,주의(Suspicious),30,초단문 리뷰 (11자 - 포인트 파밍 의심); 실물 인증 사진 첨부 (1장)
42,5059165650,of****,2026.09.07,5,8GB,256GB,실버,적당해요,좋아요,고민하다가 샀는데 잘샀네요 ㅎㅎ,0,1,https://phinf.pstatic.net/checkout.phinf/20260907_124/1788743367090I6W2B_JPEG/20260907_100907.jpg,주의(Suspicious),30,초단문 리뷰 (17자 - 포인트 파밍 의심); 실물 인증 사진 첨부 (1장)
43,5058480057,cobi*****,2026.09.05,5,8GB,256GB,블러시,무거워요,좋아요,크기에 비해 무겁지만 좋네요 아직 맥 체계를 몰라서 어렵지만 잘 사용해보렵니다,0,0,,정상(Genuine),0,특이사항 없음
44,5058467220,apfl****,2026.09.05,5,8GB,512GB,블러시,적당해요,좋아요,넘 예쁘고요. 고민은 배송만 늦출 뿐.,0,1,https://phinf.pstatic.net/checkout.phinf/20260906_93/1788626567986y4yk2_JPEG/IMG_7486.jpeg,정상(Genuine),5,단문 리뷰 (21자); 실물 인증 사진 첨부 (1장)
45,5058459120,nosu******,2026.09.05,5,8GB,512GB,시트러스,적당해요,좋아요,제가 제일 좋아하는 색상이라 구매했어요💚 너무 예쁘게 잘 쓰것 같습니다 배송도 빠르구 너무 좋아요👍🏻👍🏻👍🏻,0,1,https://phinf.pstatic.net/checkout.phinf/20260906_235/1788623463277cgKVX_JPEG/IMG_7799.jpeg,정상(Genuine),0,실물 인증 사진 첨부 (1장)
46,5058368481,igyy***,2026.09.05,5,8GB,512GB,인디고,적당해요,좋아요,빠른배송감사드려요~~^^,0,0,,의심(Bot/Abuse),65,초단문 리뷰 (13자 - 포인트 파밍 의심); 단순 감정표현/기호 반복 비율 과다 (>30%)
47,5058195975,gwp9****,2026.09.05,5,8GB,512GB,실버,적당해요,좋아요,맥북의 꿈을 이루기위해 맥북네오를 구매했습니다!! ㅎㅎ 저는 사실 컴푸터로 많은 작업 하는건 아니고 블로그나...게임 살짝하는정도라 너무 만족하고있어요!! 너무 잘샀음 ㅠㅠ ㅎㅎ 만족합니당!! 행복해영,0,1,https://phinf.pstatic.net/checkout.phinf/20260905_125/1788593409954sYmE9_JPEG/image.jpg,정상(Genuine),0,"실사용 맥락 명시 (블로그, 작업); 실물 인증 사진 첨부 (1장)"
48,5058069330,1o_2***,2026.09.05,5,8GB,256GB,실버,적당해요,좋아요,맥북프로 쓰다가 보급형 써보니 크기도 작고 내부 디자인? 같은게 뭔가 좀 색다른 느낌이에요,0,1,https://phinf.pstatic.net/checkout.phinf/20260905_125/1788582933015knnfD_JPEG/IMG_0052.jpeg,정상(Genuine),0,실물 인증 사진 첨부 (1장)
49,5057740072,vov0***,2026.09.04,5,8GB,256GB,실버,적당해요,보통이에요,배송빠르고 휴대용으로 딱이에요,0,0,,주의(Suspicious),45,초단문 리뷰 (16자 - 포인트 파밍 의심)
50,5056916432,ym****,2026.09.03,5,8GB,512GB,실버,무거워요,좋아요,잘 사용하고 있습니다,0,1,https://phinf.pstatic.net/checkout.phinf/20260903_4/1788437157672ycN7A_JPEG/image.jpg,주의(Suspicious),30,초단문 리뷰 (11자 - 포인트 파밍 의심); 실물 인증 사진 첨부 (1장)
51,5055964771,e_****,2026.09.02,5,8GB,256GB,블러시,무거워요,좋아요,생각보다무겁긴한데 아이패드만써왔는데 노트북은 다른 방향으로 너무 좋은거였네요 사길 잘했습니다,0,1,https://phinf.pstatic.net/checkout.phinf/20260902_155/1788339054173Q7mim_PNG/E18489E185B3E1848FE185B3E18485E185B5E186ABE18489E185A.png,정상(Genuine),0,실물 인증 사진 첨부 (1장)
52,5054131751,taey******,2026.08.31,5,8GB,512GB,인디고,적당해요,좋아요,"애플 맥북 네오 (A18 Pro) 8GB, 512GB, 인디고 좋습니다.",0,0,,정상(Genuine),0,실사용 맥락 명시 (512)
53,5053651837,inna******,2026.08.30,5,8GB,512GB,인디고,적당해요,좋아요,맥네오 처음 써보는데 조금 혼란스러웠지만 써보니까 너무 좋아요. 배송도 빠르고 포장도 꼼꼼하게 잘 해주셔서 만족해요^^,0,4,https://phinf.pstatic.net/checkout.phinf/20260830_175/1788061380330TcQX9_JPEG/IMG_8707.jpeg | https://phinf.pstatic.net/checkout.phinf/20260830_289/1788061380533rnNyN_JPEG/IMG_8708.jpeg | https://phinf.pstatic.net/checkout.phinf/20260830_72/1788061380625FExbQ_JPEG/IMG_8710.jpeg | https://phinf.pstatic.net/checkout.phinf/20260830_281/17880613807031XvP0_JPEG/IMG_8709.jpeg,정상(Genuine),0,실물 인증 사진 첨부 (4장)
54,5053556980,ange********,2026.08.30,5,8GB,512GB,블러시,적당해요,좋아요,지각비용 지불하고 구매했습니다🥹 그램쓰다가 넘어온거라 무거운 느낌은 있지만 그래두 작고 귀여워서 좋아요🩷,0,1,https://phinf.pstatic.net/checkout.phinf/20260830_123/178805237864877NjA_JPEG/IMG_0454.jpeg,정상(Genuine),0,실물 인증 사진 첨부 (1장)
55,5052897985,piao********,2026.08.28,5,8GB,512GB,인디고,적당해요,좋아요,벌써 한 달이 됐네요 아이폰 아이패드 워치까지 쓰면서 왜 맥북은 어려워서 못 쓸거라 생각했는지... 입문용으로 사서 아주 잘 쓰고 있습니다!!,0,1,https://phinf.pstatic.net/checkout.phinf/20260829_192/1787958982861WbNAR_JPEG/IMG_2757.jpeg,정상(Genuine),0,실물 인증 사진 첨부 (1장)
56,5052867321,hong******,2026.08.28,5,8GB,256GB,블러시,적당해요,좋아요,가격 인상전에 구매해서 부족함 없이 사용하고 있습니다.,0,1,https://phinf.pstatic.net/checkout.phinf/20260829_200/1787941620503ttBC2_JPEG/IMG_1490.jpeg,정상(Genuine),5,단문 리뷰 (30자); 실물 인증 사진 첨부 (1장)
57,5052624779,irez*******,2026.08.28,5,8GB,512GB,인디고,적당해요,보통이에요,좋습니다 바로발송 감사합니다,0,0,,주의(Suspicious),45,초단문 리뷰 (15자 - 포인트 파밍 의심)
58,5052579482,jmhe*****,2026.08.28,4,8GB,512GB,인디고,적당해요,보통이에요,애플의 가성비 라인업,0,1,https://phinf.pstatic.net/checkout.phinf/20260828_103/17879026577341UW7g_JPEG/IMG_0653.JPG,주의(Suspicious),30,초단문 리뷰 (11자 - 포인트 파밍 의심); 실물 인증 사진 첨부 (1장)
59,5051883498,ssom*****,2026.08.27,5,8GB,512GB,인디고,적당해요,좋아요,배송 너무 빠르고 가벼워서 사용하기 좋아요 너무 잘활용할수있을거같아요,0,1,https://phinf.pstatic.net/checkout.phinf/20260827_170/17878215400082fc0I_JPEG/image.jpg,정상(Genuine),0,실물 인증 사진 첨부 (1장)
60,5051872812,wmin****,2026.08.27,5,8GB,256GB,실버,적당해요,좋아요,좋아요!! 마음에 들어요ㅎㅎㅎ,0,1,https://phinf.pstatic.net/checkout.phinf/20260827_62/1787820638947tmLlq_PNG/E18489E185B3E1848FE185B3E18485E185B5E186ABE18489E185A.png,의심(Bot/Abuse),50,초단문 리뷰 (16자 - 포인트 파밍 의심); 단순 감정표현/기호 반복 비율 과다 (>30%); 실물 인증 사진 첨부 (1장)
61,5051759601,jgd0***,2026.08.27,5,8GB,256GB,블러시,적당해요,좋아요,애플은 애플... 고민은 배송만 늦출뿐 ... 네이버 배송 진짜 빨라요 하루만에 배송옵니다 .. 추천 드려요,0,2,https://phinf.pstatic.net/checkout.phinf/20260827_26/1787811729346agWbA_JPEG/IMG_7994.jpeg | https://phinf.pstatic.net/checkout.phinf/20260827_157/1787811729538uN99E_JPEG/IMG_7996.jpeg,정상(Genuine),0,실물 인증 사진 첨부 (2장)
62,5050087841,real********,2026.08.25,5,8GB,256GB,인디고,무거워요,좋아요,좋아요 잘 사용하고있어요,0,1,https://phinf.pstatic.net/checkout.phinf/20260825_37/1787633228603jEsBC_JPEG/image.jpg,주의(Suspicious),30,초단문 리뷰 (13자 - 포인트 파밍 의심); 실물 인증 사진 첨부 (1장)
63,5049910417,si****,2026.08.25,5,8GB,512GB,실버,무거워요,좋아요,가볍게 쓸 용도라 괜찮습니다. 용도에 맞게 휴대성과 성능이 좋습니다 택배포장과 배송도 만족합니다.,0,2,https://phinf.pstatic.net/checkout.phinf/20260825_4/1787619737176xS5Re_JPEG/1000021114.jpg | https://phinf.pstatic.net/checkout.phinf/20260825_67/1787619744455R4ICm_JPEG/1000021117.jpg,정상(Genuine),0,실물 인증 사진 첨부 (2장)
64,5049873057,gura******,2026.08.25,4,8GB,256GB,블러시,적당해요,보통이에요,큰 불편함 없이 잘 쓰고 있습니다! 디자인도 너무 이쁩니다,0,1,https://phinf.pstatic.net/checkout.phinf/20260825_60/1787615948869rQkTh_JPEG/IMG_6606.jpeg,정상(Genuine),5,단문 리뷰 (32자); 실물 인증 사진 첨부 (1장)
65,5049527217,h2****,2026.08.24,5,8GB,512GB,실버,가벼워요,좋아요,"애플다운 마감, 생각보다 빠릿한 속도 윈도우 노트북들과는 비교도 안 되는 트랙패드, 스피커 ㅎㅎ 최고입니당",0,0,,정상(Genuine),0,특이사항 없음
66,5049218477,tmdw*****,2026.08.23,5,8GB,256GB,블러시,무거워요,좋아요,잘 사옹중이에요 ㅎㅎ 색이 이뻐서 좋습니나,0,1,https://phinf.pstatic.net/checkout.phinf/20260824_257/1787527748472nrzbU_JPEG/IMG_7924.jpeg,정상(Genuine),5,단문 리뷰 (23자); 실물 인증 사진 첨부 (1장)
67,5048310622,tomm*****,2026.08.22,5,8GB,512GB,인디고,적당해요,좋아요,빠른배송 평생 ThinkPad 만 사용하다가 심심해서 구매 .. 나쁘지 않습니다,0,2,https://phinf.pstatic.net/checkout.phinf/20260822_116/1787385013061drBBw_JPEG/IMG_1380.jpeg | https://phinf.pstatic.net/checkout.phinf/20260822_257/1787385012878YE2Be_JPEG/IMG_1377.jpeg,정상(Genuine),0,실물 인증 사진 첨부 (2장)
68,5047583482,debo****,2026.08.21,5,8GB,512GB,실버,적당해요,좋아요,집에서 간단한 웹서핑 이나 ott 용으로 구매 했어요. 작고 이쁘네요 좋습니다!,0,0,,정상(Genuine),0,특이사항 없음
69,5047483590,gaeu****,2026.08.21,5,8GB,256GB,실버,적당해요,좋아요,다 애플만 써서 문서작업용으로 삼,0,1,https://phinf.pstatic.net/checkout.phinf/20260821_266/1787291061545lb51Y_JPEG/image.jpg,정상(Genuine),0,초단문 리뷰 (18자 - 포인트 파밍 의심); 실사용 맥락 명시 (작업); 실물 인증 사진 첨부 (1장)
70,5046885573,mrra****,2026.08.20,5,8GB,512GB,인디고,적당해요,좋아요,하루만에 배송되었고 애플케어도 잘 등록되어 있네요,0,1,https://phinf.pstatic.net/checkout.phinf/20260820_226/17872213831782nLKG_JPEG/IMG_2784.jpeg,정상(Genuine),5,단문 리뷰 (27자); 실물 인증 사진 첨부 (1장)
71,5046037591,toyo******,2026.08.19,4,8GB,512GB,시트러스,무거워요,좋아요,배송에 좀 더신경 써 주셨으면 컽포장른 완전 엉망. 쓰레기가 너무 많이 나옴 포장 때문 별하나 감점,0,1,https://phinf.pstatic.net/checkout.phinf/20260819_118/1787137124582WR9On_JPEG/image.jpg,정상(Genuine),0,실물 인증 사진 첨부 (1장)
72,5045519003,sata******,2026.08.18,5,8GB,512GB,실버,가벼워요,좋아요,맥북은 은색이 가장 은은하니 이쁘답니다.,0,0,,정상(Genuine),20,단문 리뷰 (22자)
73,5045288202,5o****,2026.08.18,5,8GB,256GB,실버,적당해요,좋아요,생각보다 무겁긴한데 너무 예뻐요ㅠㅠ 엄청 만족스러워요 !!,0,4,https://phinf.pstatic.net/checkout.phinf/20260818_230/1787050075773W3mCS_JPEG/IMG_0134.jpeg | https://phinf.pstatic.net/checkout.phinf/20260818_146/1787050075748MRBKX_JPEG/IMG_0136.jpeg | https://phinf.pstatic.net/checkout.phinf/20260818_56/1787050075945n5OOL_JPEG/IMG_0129.jpeg | https://phinf.pstatic.net/checkout.phinf/20260818_211/1787050075882POf1U_JPEG/IMG_0139.jpeg,정상(Genuine),5,단문 리뷰 (32자); 실물 인증 사진 첨부 (4장)
74,5045019419,gmlt******,2026.08.18,5,8GB,256GB,시트러스,적당해요,좋아요,좋은 제품 빠르게 잘 받았습니다. 감사합니다.,0,0,,정상(Genuine),20,단문 리뷰 (25자)
75,5044407400,save******,2026.08.17,5,8GB,512GB,인디고,무거워요,좋아요,지인작 살껄 그랬네요. 적응되니 너무 좋아요.,0,0,,정상(Genuine),20,단문 리뷰 (25자)
76,5044117531,zeva***,2026.08.16,5,8GB,256GB,시트러스,가벼워요,좋아요,가볍고 준수한 성능이라 가볍게 일상용 학생용으로 좋음,0,1,https://phinf.pstatic.net/checkout.phinf/20260816_105/1786866198589tMFRq_JPEG/IMG_4160.jpeg,정상(Genuine),5,단문 리뷰 (29자); 실물 인증 사진 첨부 (1장)
77,5044053082,jsja******,2026.08.16,4,8GB,512GB,실버,적당해요,좋아요,우리 애가 너무좋아하네요,0,1,https://phinf.pstatic.net/checkout.phinf/20260816_32/1786858325227vTS9D_JPEG/1000013558.jpg,주의(Suspicious),30,초단문 리뷰 (13자 - 포인트 파밍 의심); 실물 인증 사진 첨부 (1장)
78,5043974227,roma****,2026.08.16,5,8GB,512GB,실버,적당해요,좋아요,고민하다가 주문했는데 넘 만족합니다 크기에 비해 조금 무거운거만 빼면요 그리고 배송은 리뷰에 다 총알배송이라했는데 목요일에 주문했는데 토요일 아침에 주문시작해서 당일 밤 10시에 왔어요 참고하세요~,0,1,https://phinf.pstatic.net/checkout.phinf/20260816_6/1786849031772rHxoE_JPEG/image.jpg,정상(Genuine),0,"실사용 맥락 명시 (총알배송, 토요일); 실물 인증 사진 첨부 (1장)"
79,5043772954,subd*****,2026.08.15,5,8GB,512GB,실버,적당해요,좋아요,배송 빼르고 좋아요,0,1,https://phinf.pstatic.net/checkout.phinf/20260815_298/1786792346588nOvA1_JPEG/IMG_2084.jpeg,주의(Suspicious),30,초단문 리뷰 (10자 - 포인트 파밍 의심); 실물 인증 사진 첨부 (1장)
80,5043396047,an****,2026.08.14,5,8GB,512GB,인디고,적당해요,좋아요,우리 아들이 선물로 받고 매우 좋아합니다,0,1,https://phinf.pstatic.net/checkout.phinf/20260814_253/1786714291129dx56c_JPEG/image.jpg,정상(Genuine),5,단문 리뷰 (22자); 실물 인증 사진 첨부 (1장)
81,5043229270,y100******,2026.08.14,5,8GB,512GB,실버,적당해요,좋아요,잘샀어요.감사합니다.,0,0,,주의(Suspicious),45,초단문 리뷰 (11자 - 포인트 파밍 의심)
82,5042832628,anto*****,2026.08.13,5,8GB,512GB,인디고,무거워요,좋아요,배송 대박 빠르고 성능이 좋아요,0,1,https://phinf.pstatic.net/checkout.phinf/20260813_217/1786632625482Nhg5g_JPEG/1786632591528.jpg,주의(Suspicious),30,초단문 리뷰 (17자 - 포인트 파밍 의심); 실물 인증 사진 첨부 (1장)
83,5040763249,anna****,2026.08.11,5,8GB,512GB,실버,적당해요,좋아요,타이핑 감이 진짜 미쳣다,0,1,https://phinf.pstatic.net/checkout.phinf/20260811_254/1786424624935la0KP_JPEG/image.jpg,주의(Suspicious),30,초단문 리뷰 (13자 - 포인트 파밍 의심); 실물 인증 사진 첨부 (1장)
84,5038471593,jhe9***,2026.08.07,4,8GB,256GB,블러시,무거워요,좋아요,어렵네여ㅠ 이틀만에 배송 첨 애플사용이라 걱정하며 구매했는데 우선 와이파이연동하고 하나하나씩 배우려합니다 사진보정과 사진보관용으로 구매했습니다 .기계피건하네여ㅠ,0,4,https://phinf.pstatic.net/checkout.phinf/20260807_68/1786104664513H77gW_JPEG/121697.jpg | https://phinf.pstatic.net/checkout.phinf/20260807_154/1786104664686ispFE_JPEG/121696.jpg | https://phinf.pstatic.net/checkout.phinf/20260807_52/1786104664421m8Dbj_JPEG/121694.jpg | https://phinf.pstatic.net/checkout.phinf/20260807_172/1786104664805jwIOD_JPEG/121695.jpg,정상(Genuine),0,실물 인증 사진 첨부 (4장)
85,5038164248,xz****,2026.08.07,5,8GB,256GB,시트러스,적당해요,좋아요,딸아이가 무지하게 좋아하고 잘사용,0,0,,주의(Suspicious),45,초단문 리뷰 (18자 - 포인트 파밍 의심)
86,5038015492,nago****,2026.08.07,5,8GB,256GB,인디고,적당해요,좋아요,이거이거 완전 물건입니다,0,1,https://phinf.pstatic.net/checkout.phinf/20260807_84/1786070838266zEwFN_JPEG/image.jpg,주의(Suspicious),30,초단문 리뷰 (13자 - 포인트 파밍 의심); 실물 인증 사진 첨부 (1장)
87,5037874200,supr********,2026.08.06,5,8GB,512GB,인디고,적당해요,좋아요,선물용으로 구매했어요!,0,0,,주의(Suspicious),45,초단문 리뷰 (12자 - 포인트 파밍 의심)
88,5036996406,lapi********,2026.08.05,4,8GB,256GB,블러시,적당해요,보통이에요,색상이 예뻐요 만족스럽습니다 !,0,1,https://phinf.pstatic.net/checkout.phinf/20260805_169/1785940443835ptk7i_JPEG/20260805_233336.jpg,주의(Suspicious),30,초단문 리뷰 (17자 - 포인트 파밍 의심); 실물 인증 사진 첨부 (1장)
89,5035251600,ym****,2026.08.03,5,8GB,512GB,실버,적당해요,좋아요,빠른 배송 감사합니다.,0,1,https://phinf.pstatic.net/checkout.phinf/20260803_116/1785759640938z9lFw_JPEG/image.jpg,주의(Suspicious),30,초단문 리뷰 (12자 - 포인트 파밍 의심); 실물 인증 사진 첨부 (1장)
90,5035140691,rpff*******,2026.08.03,5,8GB,512GB,실버,적당해요,좋아요,만족합니다 감사요 ㅋ,0,1,https://phinf.pstatic.net/checkout.phinf/20260803_25/1785747291747aMx0K_JPEG/16675.jpg,주의(Suspicious),30,초단문 리뷰 (11자 - 포인트 파밍 의심); 실물 인증 사진 첨부 (1장)
91,5034453888,kimi*****,2026.08.02,5,8GB,256GB,시트러스,적당해요,좋아요,빠른 배송및 도착문자로 인한 만족감 좋아요 😀,0,1,https://phinf.pstatic.net/checkout.phinf/20260802_211/1785654778028PvPLD_JPEG/23114.jpg,정상(Genuine),5,단문 리뷰 (25자); 실물 인증 사진 첨부 (1장)
92,5034446214,wisd******,2026.08.02,4,8GB,512GB,실버,무거워요,보통이에요,무게감이 아예 가볍다고 보긴 어렵지만 간단한 작업까지만 해봤는데 성능 괜찮아요,0,1,https://phinf.pstatic.net/checkout.phinf/20260802_299/1785653965612XN4on_JPEG/1785653919210.jpg,정상(Genuine),0,실사용 맥락 명시 (작업); 실물 인증 사진 첨부 (1장)
93,5033490631,kyun********,2026.07.31,3,8GB,256GB,실버,무거워요,좋아요,배송 포장이 거지 같아서 별 두개 뺏어요 누가 쓰래기 박스를 버리고 간지 알았어요,0,1,https://phinf.pstatic.net/checkout.phinf/20260731_106/1785508322719rtKnc_JPEG/1000038273.jpg,정상(Genuine),0,실물 인증 사진 첨부 (1장)
94,5033436999,tkda******,2026.07.31,5,8GB,256GB,인디고,적당해요,좋아요,보급형인 네오가 일케 예쁘면 프로 이런 애들은 얼마나 더 예쁠지 참 상상이안가네요,0,1,https://phinf.pstatic.net/checkout.phinf/20260731_103/17855017343672P0QP_JPEG/20260630_202803%281%29.jpg,정상(Genuine),0,실물 인증 사진 첨부 (1장)
95,5032956295,snow******,2026.07.31,5,8GB,256GB,시트러스,적당해요,보통이에요,집에서 사용하기에 좋아요.,0,1,https://phinf.pstatic.net/checkout.phinf/20260731_294/1785462273900b0hKN_JPEG/IMG_8777.jpeg,주의(Suspicious),30,초단문 리뷰 (14자 - 포인트 파밍 의심); 실물 인증 사진 첨부 (1장)
96,5032638466,piao********,2026.07.30,5,8GB,512GB,인디고,적당해요,좋아요,에어랑 고민하다 입문용으로 괜찮다고 해서 구매해요 처음 사용하는데 아이폰 아이패드 다 있어서 아직까지 사용이 어렵진 않아요,0,2,https://phinf.pstatic.net/checkout.phinf/20260730_192/17854077538888RRkK_JPEG/IMG_1256.jpeg | https://phinf.pstatic.net/checkout.phinf/20260730_230/1785407763285ROfEX_JPEG/IMG_1249.jpeg,정상(Genuine),0,실물 인증 사진 첨부 (2장)
97,5031568423,spdl*******,2026.07.29,5,8GB,256GB,실버,무거워요,좋아요,"맥북네오,, 휴대폰이 애플이라서 맥북으로 구매했어요 살짝 무거운 느낌이 있네요",0,1,https://phinf.pstatic.net/checkout.phinf/20260729_220/1785291845102vlz89_JPEG/IMG_6059.jpeg,정상(Genuine),0,실물 인증 사진 첨부 (1장)
98,5031443006,haye*****,2026.07.28,5,8GB,256GB,시트러스,적당해요,좋아요,색상더 너무 이뻐요 앞으로 사용할게 기대되요,0,1,https://phinf.pstatic.net/checkout.phinf/20260729_30/1785280642195uUDQy_JPEG/1785280627767.jpg,정상(Genuine),5,단문 리뷰 (24자); 실물 인증 사진 첨부 (1장)
99,5031429826,yata****,2026.07.28,5,8GB,512GB,실버,무거워요,좋아요,화면이 작지만 만족합니다,0,0,,정상(Genuine),15,초단문 리뷰 (13자 - 포인트 파밍 의심); 실사용 맥락 명시 (화면)
100,5031390664,mh10****,2026.07.28,5,8GB,512GB,시트러스,적당해요,좋아요,고민하다가 시트러스 컬러 구매했는데 넘 만족해요,0,1,https://phinf.pstatic.net/checkout.phinf/20260729_161/1785259114713lfFvp_JPEG/IMG_2273.jpeg,정상(Genuine),5,단문 리뷰 (26자); 실물 인증 사진 첨부 (1장)
101,5031389675,llho******,2026.07.28,5,8GB,512GB,시트러스,적당해요,좋아요,컬러가 귀여워요 성능도 이가격이면! 충분히 만족합니다 :),0,1,https://phinf.pstatic.net/checkout.phinf/20260729_112/1785258527001gDF9C_JPEG/IMG_3118.jpeg,정상(Genuine),5,단문 리뷰 (32자); 실물 인증 사진 첨부 (1장)
102,5031155942,shlo******,2026.07.28,5,8GB,256GB,실버,적당해요,좋아요,총알배송 감사드립니다~~,0,0,,정상(Genuine),15,초단문 리뷰 (13자 - 포인트 파밍 의심); 실사용 맥락 명시 (총알배송)
103,5030706458,ss12****,2026.07.28,5,8GB,512GB,실버,적당해요,좋아요,아이가 넘 조아해요..,0,1,https://phinf.pstatic.net/checkout.phinf/20260728_103/1785205122459Ypr8N_JPEG/11461.jpg,주의(Suspicious),30,초단문 리뷰 (12자 - 포인트 파밍 의심); 실물 인증 사진 첨부 (1장)
104,5030419725,goot*****,2026.07.27,5,8GB,256GB,시트러스,적당해요,좋아요,감사합니다. 번창하세요.,0,0,,주의(Suspicious),45,초단문 리뷰 (13자 - 포인트 파밍 의심)
105,5030047652,qs****,2026.07.27,5,8GB,256GB,블러시,적당해요,좋아요,매우 잘 쓰고 있습니다. 압도적 강추!!!!!!,0,1,https://phinf.pstatic.net/checkout.phinf/20260727_283/17851171150943sPk2_JPEG/IMG_3704.jpeg,정상(Genuine),5,단문 리뷰 (26자); 실물 인증 사진 첨부 (1장)
106,5029704173,kha0****,2026.07.26,5,8GB,256GB,블러시,무거워요,좋아요,좋은 상품입니다 또 구매하께요,0,1,https://phinf.pstatic.net/checkout.phinf/20260726_133/1785058514732R0tXQ_JPEG/IMG_20260627_135300.jpg,주의(Suspicious),30,초단문 리뷰 (16자 - 포인트 파밍 의심); 실물 인증 사진 첨부 (1장)
107,5029116816,come****,2026.07.25,5,8GB,256GB,실버,적당해요,좋아요,잘쓰거있습니다조아요,0,1,https://phinf.pstatic.net/checkout.phinf/20260725_175/1784970644710i6xf4_JPEG/image.jpg,주의(Suspicious),30,초단문 리뷰 (10자 - 포인트 파밍 의심); 실물 인증 사진 첨부 (1장)
108,5028834526,rhco***,2026.07.25,5,8GB,256GB,실버,적당해요,좋아요,"우선, 가격인상 직전에 구매한건 운이 좋았던것같아요 터치패드가 너프된거라고 하는데도 쓰기 편하고, 의외로 기대안한 액정이 HDR지원도 되서 좋았고, 성능도 제 용도엔 딱맞게 부족하지 않아 좋습니다",0,1,https://phinf.pstatic.net/checkout.phinf/20260725_129/17849470304416tOG0_JPEG/1000024405.jpg,정상(Genuine),0,실물 인증 사진 첨부 (1장)
109,5028776499,pty3***,2026.07.25,5,8GB,256GB,시트러스,적당해요,보통이에요,다음에도 구매할게요,0,0,,주의(Suspicious),45,초단문 리뷰 (10자 - 포인트 파밍 의심)
110,5027712704,cnwn*****,2026.07.23,5,8GB,256GB,인디고,적당해요,좋아요,빠르고 색상도 이쁘고 좋습니다,0,1,https://phinf.pstatic.net/checkout.phinf/20260723_247/1784803553495Vnom6_JPEG/image.jpg,주의(Suspicious),30,초단문 리뷰 (16자 - 포인트 파밍 의심); 실물 인증 사진 첨부 (1장)
111,5027383916,jsj5***,2026.07.23,5,8GB,256GB,인디고,무거워요,좋아요,배송 정확하고 상품 좋아요,0,0,,주의(Suspicious),45,초단문 리뷰 (14자 - 포인트 파밍 의심)
112,5027128228,xm****,2026.07.22,5,8GB,512GB,인디고,적당해요,좋아요,가격이 오르기 전 딱 하나 남은 재고가 떠있을 때 구매했던 제 스스로에게 칭찬을!! 😭 저는 외부에서도 사용가능한 단순 문서작업 용도로 구매한거라 매우 만족하며 쓰고 있습니다!,0,1,https://phinf.pstatic.net/checkout.phinf/20260723_207/1784735280881mLQoo_JPEG/image.jpg,정상(Genuine),0,실사용 맥락 명시 (작업); 실물 인증 사진 첨부 (1장)
113,5026962902,wjdw********,2026.07.22,5,8GB,512GB,실버,적당해요,좋아요,배송짱빨라요~!! 오전9시쯤 시켰는데 오후 7시조금 넘어서 도착했어요 짱짱,0,1,https://phinf.pstatic.net/checkout.phinf/20260722_184/1784720751233PdYFw_JPEG/IMG_4298.jpeg,정상(Genuine),0,실물 인증 사진 첨부 (1장)
114,5026925954,uk****,2026.07.22,5,8GB,512GB,인디고,가벼워요,좋아요,g o o d g o o d g o o d,0,1,https://phinf.pstatic.net/checkout.phinf/20260722_173/1784718375805M8c4V_JPEG/IMG_0629.jpeg,정상(Genuine),5,단문 리뷰 (23자); 실물 인증 사진 첨부 (1장)
115,5026456567,hdna****,2026.07.22,5,8GB,256GB,실버,무거워요,좋아요,졸습니디 감사합니다,0,1,https://phinf.pstatic.net/checkout.phinf/20260722_40/1784683147298UWCW0_JPEG/IMG_0306.jpeg,주의(Suspicious),30,초단문 리뷰 (10자 - 포인트 파밍 의심); 실물 인증 사진 첨부 (1장)
116,5026259153,jjun****,2026.07.21,5,8GB,256GB,블러시,적당해요,좋아요,강의시청용으로 아이패드랑 고민하다가 구매했어요 색깔 이쁘고 가볍고 만족하면서 사용중이에요,0,1,https://phinf.pstatic.net/checkout.phinf/20260721_138/1784644186068BLxUc_JPEG/IMG_0144.jpeg,정상(Genuine),0,실사용 맥락 명시 (강의); 실물 인증 사진 첨부 (1장)
117,5025750351,codl*******,2026.07.21,5,8GB,256GB,실버,적당해요,좋아요,토요일에 시켰는데 일요일에 왔어요 하자나 불량없이 좋습니다,0,2,https://phinf.pstatic.net/checkout.phinf/20260721_234/17846129298168tA6N_JPEG/P20260716_153600887_599D4870-455C-4076-8B51-99B89CCB75A9.jpg | https://phinf.pstatic.net/checkout.phinf/20260721_9/1784612943710LhP4y_JPEG/P20260712_195318973_1D00B385-5342-4B15-94C1-33E1388432D4.jpg,정상(Genuine),0,단문 리뷰 (32자); 실사용 맥락 명시 (토요일); 실물 인증 사진 첨부 (2장)
118,5025703401,s4****,2026.07.21,5,8GB,256GB,블러시,적당해요,좋아요,가격 배송 품질 모두 만족합니다.,0,1,https://phinf.pstatic.net/checkout.phinf/20260721_12/1784609362452I7C87_JPEG/KakaoTalk_20260609_100715884_02.jpg,주의(Suspicious),30,초단문 리뷰 (18자 - 포인트 파밍 의심); 실물 인증 사진 첨부 (1장)
119,5025233286,tmdw*****,2026.07.20,5,8GB,256GB,블러시,무거워요,좋아요,너무이쁘네요.. 전 택배 찌그럼 없이 잘 왔어툐 ㅎㅎ,0,1,https://phinf.pstatic.net/checkout.phinf/20260720_90/1784536963948HqLgV_JPEG/IMG_4536.jpeg,정상(Genuine),5,단문 리뷰 (29자); 실물 인증 사진 첨부 (1장)
120,5024878496,gaeu****,2026.07.19,5,8GB,256GB,실버,무거워요,좋아요,문서작업만 할거라 노트북바꾸는김에 삼,0,1,https://phinf.pstatic.net/checkout.phinf/20260720_116/1784504519294hpvOf_JPEG/IMG_0293.jpeg,정상(Genuine),0,단문 리뷰 (20자); 실사용 맥락 명시 (작업); 실물 인증 사진 첨부 (1장)
121,5024599807,co****,2026.07.19,5,8GB,256GB,실버,적당해요,보통이에요,선물로 구입했습니다. 조금 느린 건 같지만 만족합니다.,0,1,https://phinf.pstatic.net/checkout.phinf/20260719_14/1784449210238VHRlk_JPEG/68702.jpg,정상(Genuine),5,단문 리뷰 (30자); 실물 인증 사진 첨부 (1장)
122,5024444989,mapp*****,2026.07.19,4,8GB,512GB,블러시,적당해요,보통이에요,색깔은이뻐요 아이패드도 있는데 왜 쓰는지는 모르겠지만 딸래미가 좋아합니다,0,1,https://phinf.pstatic.net/checkout.phinf/20260719_151/1784432576837o1WP8_JPEG/IMG_1682.jpeg,정상(Genuine),0,실물 인증 사진 첨부 (1장)
123,5022977875,miss****,2026.07.16,5,8GB,256GB,블러시,가벼워요,좋아요,"한달 동안 매일 사용했는데 성능 좋고 가벼워서 너무 만족합니다. 8GB인데도 멀티태스킹 잘 되고, 256GB 용량도 클라우드랑 같이 쓰니 충분해요. 휴대용으로 강추!",0,0,,정상(Genuine),0,실사용 맥락 명시 (256)
124,5022115520,kha0****,2026.07.15,5,8GB,256GB,블러시,무거워요,좋아요,좋은 상품입니다 또 구매하께요,0,1,https://phinf.pstatic.net/checkout.phinf/20260715_267/1784108939498ioh9S_JPEG/IMG_20260627_135300.jpg,주의(Suspicious),30,초단문 리뷰 (16자 - 포인트 파밍 의심); 실물 인증 사진 첨부 (1장)
125,5022047302,si****,2026.07.15,5,8GB,256GB,시트러스,적당해요,좋아요,"가벼운 작업용으로 구입했는데, 가격도 저렴하고 디자인과 성능도 만족합니다.",0,2,https://phinf.pstatic.net/checkout.phinf/20260715_105/1784103671504OL540_JPEG/IMG_3494.jpeg | https://phinf.pstatic.net/checkout.phinf/20260715_235/1784103671618SFrQm_JPEG/IMG_3493.jpeg,정상(Genuine),0,실사용 맥락 명시 (작업); 실물 인증 사진 첨부 (2장)
126,5021952324,y100******,2026.07.15,5,8GB,512GB,실버,적당해요,좋아요,잘샀어요. 예뻐요.,0,0,,주의(Suspicious),45,초단문 리뷰 (10자 - 포인트 파밍 의심)
127,5021889135,jsk9***,2026.07.15,5,8GB,256GB,블러시,적당해요,좋아요,가격 오르기전에 구매해서 매우만족합니다,0,1,https://phinf.pstatic.net/checkout.phinf/20260715_289/1784092064558oD0OK_JPEG/IMG_5819.jpeg,정상(Genuine),5,단문 리뷰 (21자); 실물 인증 사진 첨부 (1장)
128,5021829863,gmlt******,2026.07.15,5,8GB,256GB,시트러스,적당해요,좋아요,좋은 제품 빠르게 잘 받았습니다. 감사합니다.,0,0,,정상(Genuine),20,단문 리뷰 (25자)
129,5021396346,dlwo*******,2026.07.14,5,8GB,512GB,인디고,적당해요,좋아요,일단 배송상태는 상자가 다 찌그러져서왔어요 내용물은 괜찮아서 다행입니다,0,2,https://phinf.pstatic.net/checkout.phinf/20260714_215/1784030138350MFXsO_JPEG/IMG_3758.jpeg | https://phinf.pstatic.net/checkout.phinf/20260714_104/1784030138394iWpp5_JPEG/IMG_3759.jpeg,정상(Genuine),0,실물 인증 사진 첨부 (2장)
130,5021386966,kimb*****,2026.07.14,5,8GB,512GB,블러시,적당해요,좋아요,사기만하고 본격적으로 쓴적은 없지만 그래도 갖고있는 것만으로 매우 만족~~이번 연휴에 써보려구여,0,0,,정상(Genuine),0,특이사항 없음
131,5021320279,good********,2026.07.14,5,8GB,256GB,블러시,적당해요,좋아요,https://m.blog.naver.com/goodluck1216/224329107010 아주 잘 사용하고있어요~ 자세한 리뷰는 위 제 블로그 참고해주세요~~,0,2,https://phinf.pstatic.net/checkout.phinf/20260714_275/17840259940968dCfO_JPEG/ffffb3ea-1656-4e08-9852-658ec1ab6521-1_all_29225.jpg | https://phinf.pstatic.net/checkout.phinf/20260714_119/1784025997606YsDT7_JPEG/ffffb3ea-1656-4e08-9852-658ec1ab6521-1_all_29230.jpg,정상(Genuine),0,실사용 맥락 명시 (블로그); 실물 인증 사진 첨부 (2장)
132,5021064132,mdns***,2026.07.14,5,8GB,512GB,인디고,적당해요,좋아요,가볍게 인강보고 동영상보고 하기 좋아요,0,1,https://phinf.pstatic.net/checkout.phinf/20260714_38/1784009800811H4Wma_JPEG/1000061602.jpg,정상(Genuine),0,단문 리뷰 (21자); 실사용 맥락 명시 (영상); 실물 인증 사진 첨부 (1장)
133,5020718618,rkdu*****,2026.07.13,5,8GB,512GB,블러시,무거워요,좋아요,색상이 너무 잘 나왔어요 마음에 들어요,0,2,https://phinf.pstatic.net/checkout.phinf/20260714_33/1783961790894nS9K4_JPEG/IMG_0299.jpeg | https://phinf.pstatic.net/checkout.phinf/20260714_281/17839617910454F6Vt_JPEG/IMG_0301.jpeg,정상(Genuine),5,단문 리뷰 (21자); 실물 인증 사진 첨부 (2장)
134,5020294901,ys93****,2026.07.13,5,8GB,512GB,실버,적당해요,좋아요,네오 가성비 짱임당,0,0,,주의(Suspicious),45,초단문 리뷰 (10자 - 포인트 파밍 의심)
135,5020067109,narc***,2026.07.12,5,8GB,256GB,시트러스,적당해요,좋아요,만족합니다 만족합니다,0,0,,주의(Suspicious),45,초단문 리뷰 (11자 - 포인트 파밍 의심)
136,5020026170,ak****,2026.07.12,5,8GB,512GB,인디고,적당해요,좋아요,한번 충전하면 진짜 오래 사용 발열도 없고 좋네요,0,1,https://phinf.pstatic.net/checkout.phinf/20260712_67/1783866522087TlqYt_JPEG/17838664988151771275938099185686.jpg,정상(Genuine),0,단문 리뷰 (27자); 실사용 맥락 명시 (발열); 실물 인증 사진 첨부 (1장)
137,5019052053,taey******,2026.07.11,5,8GB,512GB,인디고,적당해요,좋아요,"애플 맥북 네오 (A18 Pro), 8GB, 512GB, 인디고 좋습니다.",0,0,,정상(Genuine),0,실사용 맥락 명시 (512)
138,5018552346,tpfl*****,2026.07.10,5,8GB,256GB,인디고,적당해요,좋아요,색상 인디고밖에없어서 인디고했는데 예뻐요 배송도 엄청 빠르게와썽요,0,1,https://phinf.pstatic.net/checkout.phinf/20260710_99/178367240090935NzE_JPEG/1000057230.jpg,정상(Genuine),0,실물 인증 사진 첨부 (1장)
139,5017325188,kmdd****,2026.07.08,5,8GB,256GB,인디고,무거워요,좋아요,가격오르기 전에 산게 굿굿,0,1,https://phinf.pstatic.net/checkout.phinf/20260709_258/1783554354524YUTRA_JPEG/IMG_8758.jpeg,주의(Suspicious),30,초단문 리뷰 (14자 - 포인트 파밍 의심); 실물 인증 사진 첨부 (1장)
140,5017241360,qheh*****,2026.07.08,4,8GB,512GB,블러시,적당해요,보통이에요,배송이 빠르고 좋아요 사진이랑 같아서 좋아요!! 비록 가격 오른후 구매해서 좀 아쉽지만 ㅠㅠㅠ 노트북은 오늘이 제일 저렴한 거니깐 괜찮을 거에요!!,0,2,https://phinf.pstatic.net/checkout.phinf/20260709_104/1783525339078Ab98G_JPEG/IMG_3740.jpeg | https://phinf.pstatic.net/checkout.phinf/20260709_90/1783525339231Daf07_JPEG/IMG_3745.jpeg,정상(Genuine),0,실물 인증 사진 첨부 (2장)
141,5017020388,cndg****,2026.07.08,5,8GB,512GB,인디고,적당해요,좋아요,디자인이 깔끔하고 색상도 질리지 않아서 좋습니다. 애플을 사용하지 않는 사람은 적응에 시간이 다소 걸릴 것 같으나 기존유저의 경우 적응에 큰 어려움이 없고 아이폰과 호환이 잘 되서 기존 타 노트북 사용시와 대비시 삶의 질이 높아진 기분입니다. 고성능의 작업까지는 어려울수도 있겠지만 휴대용으로 들고 다니면서 사용하거나 내부에 가볍에 두고 쓰기에 부족함이 없을 것 같습니다. 아이폰 유저분들이 맥북입문용으로 최적화 된 제품인것 같습니다.,0,0,,정상(Genuine),0,실사용 맥락 명시 (작업)
142,5015691679,danc******,2026.07.07,5,8GB,512GB,시트러스,적당해요,좋아요,빠른배송 감사합니다 번창하세요,0,0,,주의(Suspicious),45,초단문 리뷰 (16자 - 포인트 파밍 의심)
143,5015676831,chim****,2026.07.07,3,8GB,256GB,블러시,적당해요,좋아요,제품 좋은거야 말할거 없고요 어마어마하게 이쁩니다 근데 배송박스가 꽤나 찌그러져왔고 제품 박스에도 지울수 없는 얼룩이 묻어있어 상당히 껄끄러웠는데 제품이 품절 상태라 그냥 사용합니다&hellip;,0,1,https://phinf.pstatic.net/checkout.phinf/20260707_286/1783392178903oViRu_JPEG/IMG_8346.jpeg,정상(Genuine),0,실물 인증 사진 첨부 (1장)
144,5015616634,ye****,2026.07.07,5,8GB,512GB,인디고,무거워요,좋아요,가성비 잘 쓰는 중,0,1,https://phinf.pstatic.net/checkout.phinf/20260707_72/1783387763578SKNnV_JPEG/image.jpg,주의(Suspicious),30,초단문 리뷰 (10자 - 포인트 파밍 의심); 실물 인증 사진 첨부 (1장)
145,5015321914,lo****,2026.07.06,5,8GB,512GB,실버,적당해요,좋아요,네오 안샀으면 어쩔뻔 . . . . 지금 구매하고 싶어도 가격도 올랐고 재고부족에 . . 딸 아이가 너무 잘 쓰고 있답니다 😊👍🏻 키보드스킨사서 덮어주고 s/c없이 새제품 느낌으로 잘 다루고 있어요 ㅎ ㅎ,0,2,https://phinf.pstatic.net/checkout.phinf/20260706_207/1783334458395gI8Xs_JPEG/IMG_5773.jpeg | https://phinf.pstatic.net/checkout.phinf/20260706_217/1783334458483eaeWu_JPEG/IMG_5772.jpeg,정상(Genuine),0,실물 인증 사진 첨부 (2장)
146,5014919061,only******,2026.07.06,5,8GB,256GB,시트러스,적당해요,보통이에요,사용 중입니다 ㅋㅋ,0,0,,주의(Suspicious),45,초단문 리뷰 (10자 - 포인트 파밍 의심)
147,5014709308,wkdr*****,2026.07.05,5,8GB,256GB,인디고,적당해요,보통이에요,가격오르기 전에 굿타이밍으로 구매해서 잘 쓰고있습니다,0,1,https://phinf.pstatic.net/checkout.phinf/20260705_167/1783259088112cnpsX_JPEG/image.jpg,정상(Genuine),5,단문 리뷰 (29자); 실물 인증 사진 첨부 (1장)
148,5014325348,jjun****,2026.07.05,5,8GB,256GB,블러시,적당해요,좋아요,"맥북 처음 사용이라 좀 헷갈리지만 적응중이에요 영상시청,웹서핑정도만 하는거라 잘 쓰고 있어요 색도 진짜 이뻐요",0,1,https://phinf.pstatic.net/checkout.phinf/20260705_60/1783224735080IbM6S_JPEG/IMG_0144.jpeg,정상(Genuine),0,실사용 맥락 명시 (영상); 실물 인증 사진 첨부 (1장)
149,5013827097,s4****,2026.07.04,5,8GB,256GB,인디고,적당해요,좋아요,"한달 사용했는데 성능, 사용편의성 등에서 모두 만족합니다. 물론 가격적인 면도 만족합니다. 회사 업무보는데 아무런 제약없이 잘 사용하고 있어요.",0,1,https://phinf.pstatic.net/checkout.phinf/20260704_162/1783154925835RP9rn_JPEG/KakaoTalk_20260604_173852198.jpg,정상(Genuine),0,실물 인증 사진 첨부 (1장)
150,5013732667,dara****,2026.07.04,5,8GB,256GB,인디고,적당해요,좋아요,👍👍👍👍👍,0,0,,주의(Suspicious),45,초단문 리뷰 (5자 - 포인트 파밍 의심)
151,5013655974,i7****,2026.07.04,5,8GB,256GB,블러시,무거워요,좋아요,아이 공부용으로 구매했어요 가벼고 좋다네요,0,1,https://phinf.pstatic.net/checkout.phinf/20260704_216/1783141945070aiO6W_JPEG/1000038333.jpg,정상(Genuine),5,단문 리뷰 (23자); 실물 인증 사진 첨부 (1장)
152,5013604463,kenz*****,2026.07.04,5,8GB,256GB,실버,가벼워요,좋아요,잘 사용하고있습니다 일단 무게가 가벼워서 이동성이 좋아요,0,0,,정상(Genuine),20,단문 리뷰 (31자)
153,5013577601,ai****,2026.07.04,5,8GB,512GB,인디고,무거워요,좋아요,휴대하기에 너무 좋습니다.,0,1,https://phinf.pstatic.net/checkout.phinf/20260704_66/1783136342325uieUE_JPEG/1783136315573.jpg,주의(Suspicious),30,초단문 리뷰 (14자 - 포인트 파밍 의심); 실물 인증 사진 첨부 (1장)
154,5012820107,seo8***,2026.07.03,5,8GB,512GB,블러시,무거워요,좋아요,예쁜데 무겁긴해요!,0,1,https://phinf.pstatic.net/checkout.phinf/20260703_168/1783053999112e7nak_JPEG/image.jpg,주의(Suspicious),30,초단문 리뷰 (10자 - 포인트 파밍 의심); 실물 인증 사진 첨부 (1장)
155,5012485449,wisd******,2026.07.02,5,8GB,512GB,실버,적당해요,보통이에요,처음에 충전단자 불량인 상품을 받았다가 재주문 한건데 단자에 이상은 없어요 무게가 살짝있긴 하지만 쓰기엔 만족스러운거 같아요,0,1,https://phinf.pstatic.net/checkout.phinf/20260703_173/1783009190794ksTwR_JPEG/IMG_6100.jpeg,정상(Genuine),0,실물 인증 사진 첨부 (1장)
156,5012382204,zeva***,2026.07.02,5,8GB,256GB,시트러스,무거워요,좋아요,급하게 구했는데 잘 샀어요.,0,1,https://phinf.pstatic.net/checkout.phinf/20260702_25/1782997668457Au4eW_JPEG/IMG_4160.jpeg,주의(Suspicious),30,초단문 리뷰 (15자 - 포인트 파밍 의심); 실물 인증 사진 첨부 (1장)
157,5012042604,llis*****,2026.07.02,5,8GB,512GB,시트러스,무거워요,좋아요,가격오르기 전에 사서 득템한 기분입니당,0,1,https://phinf.pstatic.net/checkout.phinf/20260702_76/1782975140056XzCsD_JPEG/IMG_8317.jpeg,정상(Genuine),5,단문 리뷰 (21자); 실물 인증 사진 첨부 (1장)
158,5010702192,tkda******,2026.06.30,5,8GB,256GB,인디고,가벼워요,좋아요,처음에 라임 색상으로 할까 좀 고민했는데... 역시 단정한 색이 좋은 것 같아요,0,1,https://phinf.pstatic.net/checkout.phinf/20260630_160/1782828126189xRqhI_JPEG/16652.jpg,정상(Genuine),0,실물 인증 사진 첨부 (1장)
159,5009780000,xz****,2026.06.29,5,8GB,256GB,시트러스,무거워요,좋아요,빠른배송 믿고쓰는 애플 아이선물 너무 좋아하네요,0,1,https://phinf.pstatic.net/checkout.phinf/20260629_200/1782735649985osO4T_JPEG/IMG_6730.jpeg,정상(Genuine),5,단문 리뷰 (26자); 실물 인증 사진 첨부 (1장)
160,5009480383,russ****,2026.06.29,5,8GB,256GB,시트러스,무거워요,좋아요,기존 아이맥에서 마이그레이션 했습니다 가볍고 좋네요 가격 인상전에 잘구매했어요,0,1,https://phinf.pstatic.net/checkout.phinf/20260629_227/17827066699563CCbp_JPEG/IMG_4768.jpeg,정상(Genuine),0,실물 인증 사진 첨부 (1장)
161,5009452614,jele****,2026.06.29,5,8GB,512GB,실버,적당해요,좋아요,디자인이 다했네요 빠르고 좋습니다,0,1,https://phinf.pstatic.net/checkout.phinf/20260629_199/17827046613838r1wL_JPEG/20260629_124240.jpg,주의(Suspicious),30,초단문 리뷰 (18자 - 포인트 파밍 의심); 실물 인증 사진 첨부 (1장)
162,5009105245,tyun*****,2026.06.28,5,8GB,512GB,인디고,적당해요,좋아요,역시 명불허전 애플입니다,0,1,https://phinf.pstatic.net/checkout.phinf/20260628_22/17826503460471D1WT_JPEG/IMG_1402.jpeg,주의(Suspicious),30,초단문 리뷰 (13자 - 포인트 파밍 의심); 실물 인증 사진 첨부 (1장)
163,5009053234,stil*******,2026.06.28,5,8GB,256GB,시트러스,적당해요,좋아요,아이폰 유저로 가격인상 전에 샀습니다. 애플답게 미려햐고 이쁘네요. 맥북은 처음이라 적응하는데 시간이 좀 걸릴 것 같지만 어쨌든 가성비 노트북으로서 마음에 듭니다.,0,0,,정상(Genuine),0,특이사항 없음
164,5008909935,rlad********,2026.06.28,5,8GB,512GB,블러시,적당해요,좋아요,"초1 아이 영어 과제용으로 구입했어요 색깔도 예쁘고, 너무 어릴 때 사줬나 했는데, 아이들은 금방 적응해서 혼자 잘 사용합니다!!",0,1,https://phinf.pstatic.net/checkout.phinf/20260628_40/1782630008859ub5t3_JPEG/image.jpg,정상(Genuine),0,실물 인증 사진 첨부 (1장)
165,5008854983,ne****,2026.06.28,5,8GB,256GB,시트러스,가벼워요,좋아요,사은한 색상에 기대이상의 성능. 입문용으로 딱 좋습니다.,0,1,https://phinf.pstatic.net/checkout.phinf/20260628_116/1782624377030h5mxT_JPEG/20260628_142406.jpg,정상(Genuine),5,단문 리뷰 (31자); 실물 인증 사진 첨부 (1장)
166,5008815705,juli********,2026.06.28,5,8GB,256GB,블러시,무거워요,좋아요,에어 쓰고 있는데 에어에 비하면 유려함이나 날렵함이 덜해서 좀 어색하긴 한데 가성비 최고아니겠어요?,0,2,https://phinf.pstatic.net/checkout.phinf/20260628_119/1782620528879mtwH4_JPEG/image.jpg | https://phinf.pstatic.net/checkout.phinf/20260628_49/1782620563938RkR3k_JPEG/image.jpg,정상(Genuine),0,실물 인증 사진 첨부 (2장)
167,5008750115,soo9***,2026.06.28,5,8GB,256GB,시트러스,적당해요,보통이에요,여자친구 대학교 다니는데 쓰라고 선물요 ㅎㅎ 가격인상전에 구매해서 다행입니다 ㅠㅠ,0,1,https://phinf.pstatic.net/checkout.phinf/20260628_5/1782615005584lNg45_JPEG/1000014095.jpg,정상(Genuine),0,실물 인증 사진 첨부 (1장)
168,5008676692,leen******,2026.06.28,5,8GB,512GB,실버,무거워요,좋아요,서브 노트북으로 아주 만족하고 쓰는 맥북네오 괜찮네요,0,0,,정상(Genuine),20,단문 리뷰 (29자)
169,5007986252,holy********,2026.06.27,5,8GB,256GB,인디고,적당해요,좋아요,딱 사용하기 적당합니다,0,0,,주의(Suspicious),45,초단문 리뷰 (12자 - 포인트 파밍 의심)
170,5007885665,choi******,2026.06.26,5,8GB,512GB,블러시,무거워요,좋아요,무게는 무겁지만 예뻐서 만족스러워용,0,1,https://phinf.pstatic.net/checkout.phinf/20260627_49/1782488630573zjMVB_JPEG/IMG_9148.jpeg,주의(Suspicious),30,초단문 리뷰 (19자 - 포인트 파밍 의심); 실물 인증 사진 첨부 (1장)
171,5007872444,wlgp*****,2026.06.26,5,8GB,256GB,블러시,적당해요,좋아요,배송도 걱정없이 안전하게 왔으며 아주 잘쓰고있어요,0,0,,정상(Genuine),20,단문 리뷰 (27자)
172,5007859211,kg****,2026.06.26,5,8GB,256GB,시트러스,무거워요,좋아요,엄청나게 빠르게 받아서 너무 마음에 듭니다. 가격인상전 막차 탔다 생각하고 고맙습니다.,0,0,,정상(Genuine),0,특이사항 없음
173,5007777512,snow******,2026.06.26,5,8GB,256GB,시트러스,적당해요,보통이에요,배송이 빠르고 포장이 안전해서 좋았어요.,0,1,https://phinf.pstatic.net/checkout.phinf/20260626_93/1782476089139bThCq_JPEG/IMG_8777.jpeg,정상(Genuine),5,단문 리뷰 (22자); 실물 인증 사진 첨부 (1장)
174,5007369569,aass******,2026.06.26,5,8GB,512GB,인디고,적당해요,좋아요,생각보다 더 좋네요 일단 가격이 좋습니다,0,1,https://phinf.pstatic.net/checkout.phinf/20260626_108/17824459354261uwhG_JPEG/IMG_5943.jpeg,정상(Genuine),5,단문 리뷰 (22자); 실물 인증 사진 첨부 (1장)
175,5007261842,ilji***,2026.06.26,5,8GB,256GB,실버,무거워요,좋아요,가볍게 사용하면서 입문용으로는 최고입니다 배터리걱정없는것도 장점이구요 굳이 단점이라면 역시나 묵직한 무게 ㅋ,0,1,https://phinf.pstatic.net/checkout.phinf/20260626_3/1782438075089PKCWt_JPEG/image.jpg,정상(Genuine),0,실사용 맥락 명시 (배터리); 실물 인증 사진 첨부 (1장)
176,5007111092,usbl******,2026.06.25,5,8GB,512GB,인디고,적당해요,좋아요,정말 가성비 좋은 제품이네요. 정말 잘 사용하고 있어요.,0,1,https://phinf.pstatic.net/checkout.phinf/20260626_79/1782408992942ACUPt_JPEG/IMG_5658.jpeg,정상(Genuine),5,단문 리뷰 (31자); 실물 인증 사진 첨부 (1장)
177,5006530375,ljlj****,2026.06.25,5,8GB,512GB,시트러스,무거워요,좋아요,리뷰 대로 살짝 무겁긴. 하지만 그래도 맘에 들고 색감이 정말 예뻐요.,0,0,,정상(Genuine),0,특이사항 없음
178,5006402951,pty3***,2026.06.25,5,8GB,256GB,시트러스,적당해요,보통이에요,다음에도 구매할게요,0,0,,주의(Suspicious),45,초단문 리뷰 (10자 - 포인트 파밍 의심)
179,5006016958,tmda******,2026.06.24,5,8GB,512GB,인디고,적당해요,좋아요,무게가 크기에 비해 가볍진 않지만 작다보니 휴대가 너무 편합니다. 맥 환경에 적응은 힘들지만 그래도 익숙해지면 너무나도 편할 듯 합니다,0,1,https://phinf.pstatic.net/checkout.phinf/20260624_276/1782293089544nHdwS_JPEG/IMG_9005.jpeg,정상(Genuine),0,실물 인증 사진 첨부 (1장)
180,5005619070,with****,2026.06.24,5,8GB,256GB,실버,적당해요,좋아요,빠른배송감사합니다.,0,0,,주의(Suspicious),45,초단문 리뷰 (10자 - 포인트 파밍 의심)
181,5005456463,posh***,2026.06.23,5,8GB,512GB,실버,적당해요,좋아요,예상보다 가볍진 않지만 입문용으로 저렴히 잘 구매했습니다.,0,2,https://phinf.pstatic.net/checkout.phinf/20260624_207/1782227236993RP4yP_JPEG/1000052290.jpg | https://phinf.pstatic.net/checkout.phinf/20260624_206/17822272369939CdcV_JPEG/1000052289.jpg,정상(Genuine),5,단문 리뷰 (32자); 실물 인증 사진 첨부 (2장)
182,5005187831,wang****,2026.06.23,4,8GB,512GB,인디고,적당해요,좋아요,가볍게 쓰려고 맥북 네오 구입하려했는데 좋은 가격과 혜택으로 잘 샀습니다,0,1,https://phinf.pstatic.net/checkout.phinf/20260623_78/1782210665345wWyxa_JPEG/IMG_0763.jpeg,정상(Genuine),0,실물 인증 사진 첨부 (1장)
183,5004734415,life******,2026.06.23,5,8GB,256GB,인디고,무거워요,좋아요,"옛날에 맥북이 더 좋았던것 같긴하지만 ㅎㅎ 게임도 안하고 웹서핑, 문서작성만 한다면 구매 강추합니다.",0,1,https://phinf.pstatic.net/checkout.phinf/20260623_50/1782180635521fLUUY_JPEG/IMG_7099.jpeg,정상(Genuine),0,실물 인증 사진 첨부 (1장)
184,5004487344,85gu***,2026.06.22,5,8GB,512GB,시트러스,적당해요,좋아요,딸아이에게 선물 했는데 색상도 이쁘고 만족합니다,0,1,https://phinf.pstatic.net/checkout.phinf/20260622_76/1782133084188a9NCe_JPEG/IMG_1905.jpeg,정상(Genuine),5,단문 리뷰 (26자); 실물 인증 사진 첨부 (1장)
185,5004408695,jsj5***,2026.06.22,5,8GB,256GB,인디고,적당해요,좋아요,배송이 너무 아쉽네요. 배송 받고 그 다음날 사용할려고 했는데 ㅠㅠ,0,0,,정상(Genuine),0,특이사항 없음
186,5004181561,kkhk****,2026.06.22,5,8GB,256GB,실버,무거워요,좋아요,경품으로 주문했습니다.. 좋아하셨어요,0,0,,정상(Genuine),20,단문 리뷰 (20자)
187,5004048014,shlo******,2026.06.22,5,8GB,256GB,실버,적당해요,좋아요,총알배송 감사드립니다,0,0,,정상(Genuine),15,초단문 리뷰 (11자 - 포인트 파밍 의심); 실사용 맥락 명시 (총알배송)
188,5003993088,goot*****,2026.06.22,5,8GB,256GB,시트러스,적당해요,좋아요,감사합니다. 번창하세요.,0,0,,주의(Suspicious),45,초단문 리뷰 (13자 - 포인트 파밍 의심)
189,5003890491,cha5*****,2026.06.21,5,8GB,512GB,시트러스,적당해요,좋아요,아주 잘 사용하고 있어요,0,1,https://phinf.pstatic.net/checkout.phinf/20260622_198/1782076343305L1San_JPEG/IMG_5374.jpeg,주의(Suspicious),30,초단문 리뷰 (13자 - 포인트 파밍 의심); 실물 인증 사진 첨부 (1장)
190,5003886964,uk****,2026.06.21,5,8GB,512GB,인디고,가벼워요,좋아요,g o o d g o o d g o o d,0,1,https://phinf.pstatic.net/checkout.phinf/20260622_290/1782073637866UyOTu_JPEG/IMG_0618.jpeg,정상(Genuine),5,단문 리뷰 (23자); 실물 인증 사진 첨부 (1장)
191,5003716417,brow****,2026.06.21,5,8GB,256GB,블러시,무거워요,좋아요,항상 만족뿐이죠 ^^ 너무 잘 쓰고 있습니다 ^^,0,0,,정상(Genuine),20,단문 리뷰 (27자)
192,5003109770,go****,2026.06.20,5,8GB,256GB,블러시,무거워요,좋아요,중딩이 첫애플제품이네요 너무 좋아하고 애정하네요,0,0,,정상(Genuine),20,단문 리뷰 (26자)
193,5003099022,ops1***,2026.06.20,5,8GB,512GB,블러시,적당해요,좋아요,성능이 최고입니다.,0,0,,주의(Suspicious),45,초단문 리뷰 (10자 - 포인트 파밍 의심)
194,5003083877,qs****,2026.06.20,5,8GB,256GB,블러시,적당해요,좋아요,와 배송이 무슨 하루도 안 돼서 오네요... 어제 저녁에 시켰는데 오늘 오후 1시 49분에 왔어요....대박입니다....!!! 할인 쿠폰 적용으로 기분 좋게 맥북 장만했어요! 감사합니다. :) 네오 블러시 사고 싶었는데 색깔 너무 예쁩니다....ദ്ദി,0,0,,정상(Genuine),0,특이사항 없음
195,5002860014,vxwe****,2026.06.20,5,8GB,512GB,실버,적당해요,좋아요,고민하다가 구매했어요,0,1,https://phinf.pstatic.net/checkout.phinf/20260620_28/1781930115492L0GlK_JPEG/IMG_6589.jpeg,주의(Suspicious),30,초단문 리뷰 (11자 - 포인트 파밍 의심); 실물 인증 사진 첨부 (1장)
196,5002655210,snoo****,2026.06.19,5,8GB,256GB,실버,가벼워요,좋아요,역시 맥북이네요~~~!^^* 좋아요!!,0,1,https://phinf.pstatic.net/checkout.phinf/20260620_243/1781912792776PV2yV_JPEG/IMG_6389.jpeg,주의(Suspicious),25,단문 리뷰 (21자); 단순 감정표현/기호 반복 비율 과다 (>30%); 실물 인증 사진 첨부 (1장)
197,5002615657,eans****,2026.06.19,5,8GB,512GB,시트러스,무거워요,좋아요,잘사용하고 있어요~~,0,1,https://phinf.pstatic.net/checkout.phinf/20260620_35/1781900165920vKIvr_JPEG/1000037320.jpg,주의(Suspicious),30,초단문 리뷰 (11자 - 포인트 파밍 의심); 실물 인증 사진 첨부 (1장)
198,5002501530,ek****,2026.06.19,5,8GB,256GB,실버,적당해요,보통이에요,배터리기 정말 오래가서 충전 걱정 없어서 좋아요,0,1,https://phinf.pstatic.net/checkout.phinf/20260619_259/17818719018378r9ow_JPEG/image.jpg,정상(Genuine),0,단문 리뷰 (26자); 실사용 맥락 명시 (배터리); 실물 인증 사진 첨부 (1장)
199,5002346245,debo****,2026.06.19,5,8GB,512GB,실버,무거워요,좋아요,무게가 생각보다 무겁네요 맥을 처음 써보는데 적응이 필요할것같아요.. 대신 이쁘고 컴팩트해서 좋습니다,0,1,https://phinf.pstatic.net/checkout.phinf/20260619_268/17818581803685HpsS_JPEG/IMG_4237.jpeg,정상(Genuine),0,실물 인증 사진 첨부 (1장)
200,5001715068,ggan*******,2026.06.18,5,8GB,256GB,실버,적당해요,보통이에요,빠른 배송 감사힙니다,0,0,,주의(Suspicious),45,초단문 리뷰 (11자 - 포인트 파밍 의심)
201,5001698228,love******,2026.06.18,5,8GB,512GB,시트러스,무거워요,좋아요,잘 쓰고 있어요~ 업무용이 아니라 적당합니다,0,1,https://phinf.pstatic.net/checkout.phinf/20260618_137/17817841796446w92c_JPEG/image.jpg,정상(Genuine),5,단문 리뷰 (24자); 실물 인증 사진 첨부 (1장)
202,5001458444,rhco***,2026.06.18,5,8GB,256GB,실버,가벼워요,좋아요,예쁘고 가격도 좋고 배송도 빨랐습니다 잘쓸께요~,0,1,https://phinf.pstatic.net/checkout.phinf/20260618_300/17817647549624YDra_JPEG/1000024387.jpg,정상(Genuine),5,단문 리뷰 (26자); 실물 인증 사진 첨부 (1장)
203,5000345743,s4****,2026.06.17,5,8GB,256GB,블러시,적당해요,좋아요,"회사에서 사용하려고 한대 구매해서 사용해보고 성능, 가격 등에서 만족해서 한대 추가 구매합니다. 매우 만족합니다.",0,1,https://phinf.pstatic.net/checkout.phinf/20260617_13/1781654583575NgD8U_JPEG/KakaoTalk_20260617_085834173_01.jpg,정상(Genuine),0,실물 인증 사진 첨부 (1장)
204,4999610522,qwer******,2026.06.16,5,8GB,512GB,인디고,적당해요,좋아요,잘쓰고ㅠ있어요! 들고다니기 좋은 크기네요,0,0,,정상(Genuine),20,단문 리뷰 (22자)
205,4999561177,kmdd****,2026.06.16,5,8GB,256GB,인디고,무거워요,좋아요,생각보다 무게는 조금 있는데 컴팩트해서 좋아요,0,1,https://phinf.pstatic.net/checkout.phinf/20260616_140/17815787162684EnOl_JPEG/IMG_8758.jpeg,정상(Genuine),5,단문 리뷰 (25자); 실물 인증 사진 첨부 (1장)
206,4999502895,wpdl****,2026.06.16,5,8GB,512GB,인디고,무거워요,좋아요,너무 이쁘고 마음에 듭니다. 512기가 라서 더 좋아요~ 솔직히 무게는 그렇게 가볍지 않아요 ㅋㅋㅋ,0,1,https://phinf.pstatic.net/checkout.phinf/20260616_228/1781574524848SkU64_JPEG/IMG_4382.jpeg,정상(Genuine),0,실사용 맥락 명시 (512); 실물 인증 사진 첨부 (1장)
207,4998985109,king*****,2026.06.15,5,8GB,256GB,시트러스,무거워요,좋아요,성능 빼고 다좋습니다. 이쁜거론 원탑,0,1,https://phinf.pstatic.net/checkout.phinf/20260615_167/1781498436632mT7Lf_PNG/NEO.png,정상(Genuine),5,단문 리뷰 (20자); 실물 인증 사진 첨부 (1장)
208,4998963894,heek******,2026.06.15,5,8GB,256GB,블러시,적당해요,좋아요,어이가 고1인데 맘에 쏙 들어하네요.,0,1,https://phinf.pstatic.net/checkout.phinf/20260615_37/1781496927280ES1Xh_JPEG/IMG_4281.jpeg,정상(Genuine),5,단문 리뷰 (20자); 실물 인증 사진 첨부 (1장)
209,4998943368,ghdl****,2026.06.15,5,8GB,512GB,블러시,적당해요,좋아요,맥북 초보자라 아직 사용법이 미숙하지만 언젠가 잘 사용할거라고 생각이 들어요 무엇보다 애플끼리 연동된다는게 넘 좋네요 ㅎ 컴퓨터 부속제품들이 거의 핑크라 블러시를 선택했는데 너무 이뻐요 ^^ 512GB가 재고가 없어지기 전에 얼른 구매해서 다행입니다,0,2,https://phinf.pstatic.net/checkout.phinf/20260615_5/1781495609420t1zMg_JPEG/IMG_3972.jpeg | https://phinf.pstatic.net/checkout.phinf/20260615_139/17814956095730Izjw_JPEG/IMG_3974.jpeg,정상(Genuine),0,실사용 맥락 명시 (512); 실물 인증 사진 첨부 (2장)
210,4998599144,fj04***,2026.06.14,5,8GB,512GB,인디고,적당해요,좋아요,예전에 에어 쓰다가 익숙하지 않아서 처분했는데 결국 다시 돌아오네요. 저렴하게 사서 행복하고 잘 쓰겠습니다.,0,1,https://phinf.pstatic.net/checkout.phinf/20260614_36/1781441982900GGMY3_JPEG/IMG_5965.jpeg,정상(Genuine),0,실물 인증 사진 첨부 (1장)
211,4998505832,good********,2026.06.14,5,8GB,256GB,블러시,적당해요,좋아요,사이즈가 작아서 가방에 넣어서 다니기 좋아요~ 블로그 작성하고 영어공부하고 유튜브 시청용으로 좋네요~,0,3,https://phinf.pstatic.net/checkout.phinf/20260614_104/1781432308797DAK6E_JPEG/1000033089.jpg | https://phinf.pstatic.net/checkout.phinf/20260614_67/1781432318291SiU16_JPEG/1000033098.jpg | https://phinf.pstatic.net/checkout.phinf/20260614_144/1781432316518E6Iph_JPEG/1000033091.jpg,정상(Genuine),0,"실사용 맥락 명시 (블로그, 유튜브); 실물 인증 사진 첨부 (3장)"
212,4998375306,suzu****,2026.06.14,5,8GB,512GB,실버,적당해요,좋아요,선물로 구매했어요. 재입고되길 기다리다 놓치지않고 구매했네요. 문제없이 쓸수있길..😄,0,1,https://phinf.pstatic.net/checkout.phinf/20260614_295/1781418387164Ty9GX_JPEG/14170.jpg,정상(Genuine),0,실물 인증 사진 첨부 (1장)
213,4998302346,suji*****,2026.06.14,5,8GB,512GB,시트러스,적당해요,좋아요,속도 정말 빠르고 좋습니다. 배터리가 좀 빨리 닳는 느낌이긴 한데 쓰는데 지장은 없어요,0,1,https://phinf.pstatic.net/checkout.phinf/20260614_34/1781410928578XOrgM_JPEG/IMG_3429.jpeg,정상(Genuine),0,실사용 맥락 명시 (배터리); 실물 인증 사진 첨부 (1장)
214,4998180799,deny***,2026.06.14,5,8GB,256GB,블러시,적당해요,좋아요,친구 퇴사 선물로 줬는데 너무 좋아해요,0,1,https://phinf.pstatic.net/checkout.phinf/20260614_247/1781400337371WJV76_PNG/4C3B26D1-BBBA-42E5-974E-42D2379A56A3.png,정상(Genuine),5,단문 리뷰 (21자); 실물 인증 사진 첨부 (1장)
215,4997804610,kimb*****,2026.06.13,5,8GB,512GB,블러시,무거워요,좋아요,생각보다 무거워요 근데 아담하고 귀엽고 이뻐요 성능도 ㄱㅊ고 너무 좋아요 계속 품절이던거 찜하고 수시로 들락날락 거렸는데 드디어 겟ㅜㅜㅠ너무너무 조아요,0,0,,정상(Genuine),0,특이사항 없음
216,4997801268,narc***,2026.06.13,5,8GB,256GB,시트러스,적당해요,좋아요,만족합니다 만족합니다,0,0,,주의(Suspicious),45,초단문 리뷰 (11자 - 포인트 파밍 의심)
217,4997729818,real********,2026.06.13,5,8GB,256GB,인디고,적당해요,좋아요,좋아요 잘 사용할게요,0,2,https://phinf.pstatic.net/checkout.phinf/20260613_164/1781329318684Iw2OG_JPEG/IMG_5855.jpeg | https://phinf.pstatic.net/checkout.phinf/20260613_178/1781329363627Ys3sK_JPEG/image.jpg,주의(Suspicious),30,초단문 리뷰 (11자 - 포인트 파밍 의심); 실물 인증 사진 첨부 (2장)
218,4997408843,jsk9***,2026.06.12,5,8GB,256GB,블러시,적당해요,좋아요,아직 뭐가 뭔지 모르겠지만 만족해요 배송박스는 종이에 깔려서 왔고 지방인데 다음날 바로 왔어요 256 구매했는데 512 구매할걸 그랬나싶기도 하고.. 품절될까봐 급하게 샀는데 소량씩 계속 들어오네요,0,1,https://phinf.pstatic.net/checkout.phinf/20260613_96/1781278449525xqwFA_JPEG/IMG_5443.jpeg,정상(Genuine),0,"실사용 맥락 명시 (256, 512); 실물 인증 사진 첨부 (1장)"
219,4997340176,mn****,2026.06.12,5,8GB,256GB,실버,적당해요,좋아요,너무 잘 사용하고 있어요,0,1,https://phinf.pstatic.net/checkout.phinf/20260612_208/17812692243745aaxk_JPEG/image.jpg,주의(Suspicious),30,초단문 리뷰 (13자 - 포인트 파밍 의심); 실물 인증 사진 첨부 (1장)
220,4997328998,slow***,2026.06.12,5,8GB,512GB,시트러스,적당해요,좋아요,기대가 너무 없어서 그랬는지&hellip; 너무 만족하고 있음 딱히 고성능 게임이나 영상 편집을 안하고 프로그램 코딩 좀 하고 서치나 간단한 영상 보는 용도로는 성능이 차고 넘침 거기다 애플 생태계에 빠져있으니 더더욱 이런 가성비(?) 좋은 제품 그냥 땡큐지,0,1,https://phinf.pstatic.net/checkout.phinf/20260612_173/1781268005077w475y_JPEG/image.jpg,정상(Genuine),0,"실사용 맥락 명시 (서치, 코딩, 영상); 실물 인증 사진 첨부 (1장)"
221,4997277464,dlal******,2026.06.12,5,8GB,512GB,인디고,적당해요,좋아요,노트북인데 아이패드 느낌으로 사용가능 전원도 안꺼도됨,0,1,https://phinf.pstatic.net/checkout.phinf/20260612_298/1781263338929HmnIg_JPEG/tmp_2147515714133557433.jpg,정상(Genuine),5,단문 리뷰 (29자); 실물 인증 사진 첨부 (1장)
222,4997175927,nago****,2026.06.12,5,8GB,256GB,인디고,가벼워요,좋아요,맥북 네오는 진리지요,0,1,https://phinf.pstatic.net/checkout.phinf/20260612_260/1781254255404vBjo6_JPEG/IMG_1780.jpeg,주의(Suspicious),30,초단문 리뷰 (11자 - 포인트 파밍 의심); 실물 인증 사진 첨부 (1장)
223,4997143359,mika******,2026.06.12,5,8GB,512GB,인디고,적당해요,좋아요,맥북네오 구입 하고난 후 병이 나았어요^^ 이제 맥북에어 .프로 생각도 안나요 ㅎ,0,1,https://phinf.pstatic.net/checkout.phinf/20260612_134/1781251728860Ge323_JPEG/P20260612_170044750_DA94BDB0-CC6B-4625-8B26-05566CA35FFE.jpg,정상(Genuine),0,실사용 맥락 명시 (맥북에어); 실물 인증 사진 첨부 (1장)
224,4996485206,eunj*********,2026.06.11,5,8GB,512GB,블러시,적당해요,좋아요,일상생활에서 넘 잘쓰고 있어요,0,1,https://phinf.pstatic.net/checkout.phinf/20260611_38/1781178387171MUQ6c_JPEG/image.jpg,주의(Suspicious),30,초단문 리뷰 (16자 - 포인트 파밍 의심); 실물 인증 사진 첨부 (1장)
225,4996164124,cytk****,2026.06.11,5,8GB,256GB,블러시,적당해요,좋아요,빠른 배송 진짜 깜짝 놀랐네요 시킨지 24시간도 안된거같은데 더군다나 집이 지방이라 더욱 감동입니다. 리뷰에 미흡한 포장상태 언급이 있어서 걱정하긴했는데 이중포장해서 안전하게 왔어요 👍 예쁜 베이비핑크 색깔도 맘에 들구요,0,3,https://phinf.pstatic.net/checkout.phinf/20260611_293/17811540553527uMkv_JPEG/IMG_1577.jpeg | https://phinf.pstatic.net/checkout.phinf/20260611_291/1781154055814U9rmM_JPEG/IMG_1571.jpeg | https://phinf.pstatic.net/checkout.phinf/20260611_171/17811540557828cJsQ_JPEG/IMG_1574.jpeg,정상(Genuine),0,실물 인증 사진 첨부 (3장)
226,4995851230,rosi*******,2026.06.10,5,-,-,-,적당해요,좋아요,보급형이라 기대 잘 안했는데 노트북의 역할을 잘 합니다,0,1,https://phinf.pstatic.net/checkout.phinf/20260611_284/1781125285190zG8E2_JPEG/IMG_4911.jpeg,정상(Genuine),5,단문 리뷰 (30자); 실물 인증 사진 첨부 (1장)
227,4995669047,ll93****,2026.06.10,5,8GB,256GB,실버,적당해요,좋아요,잘 사용 하고 있어요 만족 합니다 인강용이라 굳이 비싼거 살 필요없을듯,0,1,https://phinf.pstatic.net/checkout.phinf/20260610_128/1781092246500JTqfK_JPEG/image.jpg,정상(Genuine),0,실물 인증 사진 첨부 (1장)
228,4995426942,mdns***,2026.06.10,5,8GB,512GB,인디고,적당해요,보통이에요,실버가 품절이라 인디고 샀는데 인디고도 이쁘고 좋네요,0,1,https://phinf.pstatic.net/checkout.phinf/20260610_18/1781075098750267NC_JPEG/1781075090554.jpg,정상(Genuine),5,단문 리뷰 (29자); 실물 인증 사진 첨부 (1장)
229,4995189841,supr********,2026.06.10,5,8GB,512GB,인디고,적당해요,좋아요,배송에 착오가 있었지만 잘 받았어요!,0,1,https://phinf.pstatic.net/checkout.phinf/20260610_75/178105679230872vRE_JPEG/1000051275.jpg,정상(Genuine),5,단문 리뷰 (20자); 실물 인증 사진 첨부 (1장)
230,4995155644,jjun***,2026.06.10,5,8GB,256GB,블러시,적당해요,보통이에요,역시 이뿌네요 가성비좋은 맥북이에요,0,1,https://phinf.pstatic.net/checkout.phinf/20260610_192/1781054123237UU6wQ_JPEG/1781054113305.jpg,주의(Suspicious),30,초단문 리뷰 (19자 - 포인트 파밍 의심); 실물 인증 사진 첨부 (1장)
231,4994822503,nm****,2026.06.09,5,8GB,256GB,인디고,무거워요,좋아요,너무너무 맘에들어요. ㅅㅅ 실버사려다 인디고구매했는데 색상도 너무 맘에듭니다. 키보드 터치감도 너무좋아요. 역시 애플이에요,0,0,,정상(Genuine),0,특이사항 없음
232,4994688930,ddda*******,2026.06.09,5,8GB,256GB,시트러스,적당해요,좋아요,처음 입문하는 애플 제품입니다^^,0,2,https://phinf.pstatic.net/checkout.phinf/20260609_10/1780999161260eNXhh_JPEG/1000018689.jpg | https://phinf.pstatic.net/checkout.phinf/20260609_267/1780999161148egPE0_JPEG/1000018692.jpg,주의(Suspicious),30,초단문 리뷰 (18자 - 포인트 파밍 의심); 실물 인증 사진 첨부 (2장)
233,4994051124,dudw*****,2026.06.08,5,8GB,256GB,블러시,적당해요,좋아요,예뻐요 아주 대만족입니다 매장에 재고가 시트러스밖에없어서 참고 인터넷으로 주문했는데 바로 다음날 도착했습니다 최고에요!,0,1,https://phinf.pstatic.net/checkout.phinf/20260608_51/1780924998554rANlp_JPEG/1000025840.jpg,정상(Genuine),0,실물 인증 사진 첨부 (1장)
234,4993815086,jung******,2026.06.08,5,8GB,256GB,블러시,무거워요,좋아요,색상도 너무 예쁘고 좋아요,0,0,,주의(Suspicious),45,초단문 리뷰 (14자 - 포인트 파밍 의심)
235,4993794988,usbl******,2026.06.08,5,8GB,512GB,인디고,적당해요,좋아요,포장 배송 제품 모두 만족합니다. 저렴하게 잘 샀네요.,0,1,https://phinf.pstatic.net/checkout.phinf/20260608_169/1780902732242dKeea_JPEG/IMG_5658.jpeg,정상(Genuine),5,단문 리뷰 (30자); 실물 인증 사진 첨부 (1장)
236,4993735571,ji****,2026.06.08,5,8GB,512GB,블러시,적당해요,좋아요,이뻐요 이뻐요 사용은 어려워요 윈도우쓰다가,0,1,https://phinf.pstatic.net/checkout.phinf/20260608_99/1780898650862N0nBy_JPEG/image.jpg,정상(Genuine),5,단문 리뷰 (23자); 실물 인증 사진 첨부 (1장)
237,4993703612,mago*****,2026.06.08,5,8GB,256GB,인디고,적당해요,좋아요,잘 받았습니다. 아이가 좋아 하네요.,0,1,https://phinf.pstatic.net/checkout.phinf/20260608_32/1780896457347LOqPd_JPEG/20260608_135345.jpg,정상(Genuine),5,단문 리뷰 (20자); 실물 인증 사진 첨부 (1장)
238,4993364874,ucpa***,2026.06.07,5,8GB,512GB,인디고,적당해요,좋아요,배송도 빠르고 포장도 꼼꼼해요,0,1,https://phinf.pstatic.net/checkout.phinf/20260608_264/1780846579454nFahY_JPEG/IMG_5690.jpeg,주의(Suspicious),30,초단문 리뷰 (16자 - 포인트 파밍 의심); 실물 인증 사진 첨부 (1장)
239,4992794170,dlwl*****,2026.06.06,5,8GB,512GB,인디고,적당해요,좋아요,배송빠르고 서핑 인강 문서작업에는 진짜 최고입니더,0,1,https://phinf.pstatic.net/checkout.phinf/20260607_43/1780762500840PqilC_JPEG/image.jpg,정상(Genuine),0,단문 리뷰 (27자); 실사용 맥락 명시 (작업); 실물 인증 사진 첨부 (1장)
240,4992664386,miss****,2026.06.06,5,8GB,256GB,블러시,가벼워요,좋아요,빠른배송과 오자마자 세팅완료~~깔끔한 색상에 시원시원하게 잘돌아가네요~~아이패드랑 모니터 조합완벽해요,0,2,https://phinf.pstatic.net/checkout.phinf/20260606_143/1780744159187qDhxb_JPEG/image.jpg | https://phinf.pstatic.net/checkout.phinf/20260606_270/17807441754673XPgS_JPEG/image.jpg,정상(Genuine),0,실물 인증 사진 첨부 (2장)
241,4992493802,mafe***,2026.06.06,5,8GB,256GB,블러시,적당해요,좋아요,디자인 예뻐요^ ^,0,1,https://phinf.pstatic.net/checkout.phinf/20260606_281/1780726118339T1skK_JPEG/IMG_0661.jpeg,주의(Suspicious),30,초단문 리뷰 (10자 - 포인트 파밍 의심); 실물 인증 사진 첨부 (1장)
242,4992318236,ye****,2026.06.06,5,8GB,512GB,인디고,무거워요,좋아요,배송 빠르고 좋아요,0,0,,주의(Suspicious),45,초단문 리뷰 (10자 - 포인트 파밍 의심)
243,4991971495,wwow****,2026.06.05,5,8GB,256GB,실버,적당해요,보통이에요,가성비 맥북 좋아요 가끔 쓰긴하지만 맘에ㅡ들어요,0,1,https://phinf.pstatic.net/checkout.phinf/20260605_231/1780654389996BOVdA_JPEG/IMG_4127.jpeg,정상(Genuine),5,단문 리뷰 (26자); 실물 인증 사진 첨부 (1장)
244,4991894736,alsr******,2026.06.05,5,8GB,256GB,블러시,적당해요,좋아요,생각보다 무게가 조금 있긴 하지만 너무 예쁩니다 배송도 엄청 빨랐어요! 굿 근데 배송 상태가 쒯이긴 했어요 리뷰들 말대로ㅜ 아쉽,0,1,https://phinf.pstatic.net/checkout.phinf/20260605_122/17806489461858dXt2_JPEG/IMG_3378.jpeg,정상(Genuine),0,실물 인증 사진 첨부 (1장)
245,4991787219,mars*****,2026.06.05,5,8GB,256GB,시트러스,적당해요,좋아요,배송이 빨라서 마음에 들어요,0,1,https://phinf.pstatic.net/checkout.phinf/20260605_79/1780642206538MVEaF_JPEG/KakaoTalk_20260506_160941652_03.jpg,주의(Suspicious),30,초단문 리뷰 (15자 - 포인트 파밍 의심); 실물 인증 사진 첨부 (1장)
246,4991614763,ri****,2026.06.05,5,8GB,256GB,시트러스,무거워요,좋아요,빠른 배송 감사합니다,0,0,,주의(Suspicious),45,초단문 리뷰 (11자 - 포인트 파밍 의심)
247,4991351029,metr*****,2026.06.04,5,8GB,512GB,인디고,가벼워요,좋아요,론나 좋습니다 스타벅스 입장권 아몰랑,0,1,https://phinf.pstatic.net/checkout.phinf/20260604_145/1780584477035ii7YC_JPEG/311.jpg,정상(Genuine),5,단문 리뷰 (20자); 실물 인증 사진 첨부 (1장)
248,4991333235,cnwn*****,2026.06.04,5,8GB,256GB,인디고,적당해요,보통이에요,색상도 이쁘고 너무 좋아요,0,2,https://phinf.pstatic.net/checkout.phinf/20260604_19/1780582204042HIeB8_JPEG/IMG_2146.jpeg | https://phinf.pstatic.net/checkout.phinf/20260604_197/1780582204224hTrFH_JPEG/IMG_2147.jpeg,주의(Suspicious),30,초단문 리뷰 (14자 - 포인트 파밍 의심); 실물 인증 사진 첨부 (2장)
249,4991283781,isso***,2026.06.04,5,8GB,256GB,블러시,적당해요,좋아요,이쁩니다 핑크 핑크,0,1,https://phinf.pstatic.net/checkout.phinf/20260604_85/1780577688383CRYib_JPEG/1000046640.jpg,주의(Suspicious),30,초단문 리뷰 (10자 - 포인트 파밍 의심); 실물 인증 사진 첨부 (1장)
250,4991283199,isso***,2026.06.04,5,8GB,256GB,인디고,적당해요,좋아요,갖고 싶었어요 이뻐요,0,1,https://phinf.pstatic.net/checkout.phinf/20260604_235/1780577638786tiHhX_JPEG/1000046639.jpg,주의(Suspicious),30,초단문 리뷰 (11자 - 포인트 파밍 의심); 실물 인증 사진 첨부 (1장)
251,4991173788,ak****,2026.06.04,5,8GB,512GB,인디고,적당해요,좋아요,맥북 네오 가성비갑 입니다.,0,1,https://phinf.pstatic.net/checkout.phinf/20260604_36/1780569356735pQSXY_JPEG/17805693103248193506787754623831.jpg,주의(Suspicious),30,초단문 리뷰 (15자 - 포인트 파밍 의심); 실물 인증 사진 첨부 (1장)
252,4991106977,nc****,2026.06.04,5,8GB,512GB,인디고,무거워요,좋아요,아주 좋아요. 첫 맥북인데 천천히 알아가면서 사용하겠어용,0,1,https://phinf.pstatic.net/checkout.phinf/20260604_102/1780563838819KJaxT_JPEG/IMG_6666.jpeg,정상(Genuine),5,단문 리뷰 (31자); 실물 인증 사진 첨부 (1장)
253,4991089579,s4****,2026.06.04,5,8GB,256GB,인디고,적당해요,좋아요,가격 배송 품질 모두 만족합니다.,0,1,https://phinf.pstatic.net/checkout.phinf/20260604_139/1780562393622ci0zH_JPEG/KakaoTalk_20260604_173852198.jpg,주의(Suspicious),30,초단문 리뷰 (18자 - 포인트 파밍 의심); 실물 인증 사진 첨부 (1장)
254,4990767681,dara****,2026.06.04,5,8GB,256GB,인디고,적당해요,좋아요,👍👍👍👍👍,0,0,,주의(Suspicious),45,초단문 리뷰 (5자 - 포인트 파밍 의심)
255,4990508054,nl****,2026.06.03,5,8GB,512GB,시트러스,적당해요,좋아요,맥북 네오 가졉기 쓰기 너무 좋아요,0,3,https://phinf.pstatic.net/checkout.phinf/20260603_209/1780481720627z6UQc_JPEG/IMG_4217.jpeg | https://phinf.pstatic.net/checkout.phinf/20260603_243/1780481720125nyCHl_JPEG/IMG_4218.jpeg | https://phinf.pstatic.net/checkout.phinf/20260603_64/1780481720797Oj9G5_JPEG/IMG_4208.jpeg,주의(Suspicious),30,초단문 리뷰 (19자 - 포인트 파밍 의심); 실물 인증 사진 첨부 (3장)
256,4990326745,9700****,2026.06.03,5,8GB,256GB,블러시,무거워요,좋아요,품질 배송 대만족 입니다.,0,1,https://phinf.pstatic.net/checkout.phinf/20260603_71/17804612755091xlsN_JPEG/image.jpg,주의(Suspicious),30,초단문 리뷰 (14자 - 포인트 파밍 의심); 실물 인증 사진 첨부 (1장)
257,4990120897,seok****,2026.06.02,5,8GB,256GB,실버,가벼워요,좋아요,이 가격에 맥북을 사다니 놀라워요 성능 너무 좋고 편리해요,0,0,,정상(Genuine),20,단문 리뷰 (32자)
258,4990015997,shyh*****,2026.06.02,4,8GB,512GB,블러시,적당해요,보통이에요,잘 구매했어요 저렴하게 잘 산거 같습니다 감사합니다,0,1,https://phinf.pstatic.net/checkout.phinf/20260602_29/17804082011995sKzB_JPEG/IMG_0822.jpeg,정상(Genuine),5,단문 리뷰 (28자); 실물 인증 사진 첨부 (1장)
259,4989641425,ai****,2026.06.02,5,8GB,512GB,인디고,적당해요,좋아요,휴대용으로 적당하겠네요.,0,1,https://phinf.pstatic.net/checkout.phinf/20260602_238/1780384028308L8mj0_JPEG/tmp_7799211480331943407.jpg,주의(Suspicious),30,초단문 리뷰 (13자 - 포인트 파밍 의심); 실물 인증 사진 첨부 (1장)
260,4989190763,gura******,2026.06.01,5,8GB,256GB,블러시,적당해요,보통이에요,빠른배송과 애플 특유의 감성이 있습니다!!,0,2,https://phinf.pstatic.net/checkout.phinf/20260601_219/1780320856650lpFrY_JPEG/IMG_6304.jpeg | https://phinf.pstatic.net/checkout.phinf/20260601_72/1780320856601OM2D3_JPEG/IMG_6303.jpeg,정상(Genuine),5,단문 리뷰 (23자); 실물 인증 사진 첨부 (2장)
261,4989069776,jihe***,2026.06.01,5,8GB,256GB,블러시,무거워요,보통이에요,많은 기능이 필요해서 산게아니라 디자인과 색깔이 예뻐서 만족합니다 하지만 약간 두껍고 무거워요,0,1,https://phinf.pstatic.net/checkout.phinf/20260601_213/1780308297801h03e5_JPEG/IMG_5518.jpeg,정상(Genuine),0,실물 인증 사진 첨부 (1장)
262,4988501442,mali****,2026.05.31,5,8GB,256GB,블러시,적당해요,좋아요,서이즈가 갖고 다니기 딱 좋은것 같아서 마음에 듭니다,0,1,https://phinf.pstatic.net/checkout.phinf/20260531_158/17802325430649D0Kq_JPEG/20260531_215135.jpg,정상(Genuine),5,단문 리뷰 (29자); 실물 인증 사진 첨부 (1장)
263,4987892285,ys****,2026.05.30,5,8GB,256GB,인디고,적당해요,보통이에요,아이폰이랑 아이패드랑 연동이 너무 굿이에요. 간단한 웹서핑 용도로 강추합니다,0,1,https://phinf.pstatic.net/checkout.phinf/20260530_137/178014605258309P79_JPEG/IMG_6479.jpeg,정상(Genuine),0,실물 인증 사진 첨부 (1장)
264,4987056327,lo****,2026.05.29,5,8GB,512GB,실버,적당해요,좋아요,"네오 실버 저번주 품절 풀렸을 때 놓쳤는데 ! 이번에는 바로 주문 했어요 🤍 어제 23시55분쯤 결제했는데 오늘 오후2시30반 빠른배송 완전 좋았어요 ! ! 단! 다른 후기보면 아시겠지만, 포장상태 및 배송부분은 개선해야 할 것 같습니다. 기분좋게 개봉하고 폰하고 연동 완전 최고에요 👍🏻 예쁘게 잘 쓰겠습니당 🥰",0,4,https://phinf.pstatic.net/checkout.phinf/20260529_247/1780047758641a4O3N_JPEG/IMG_5324.jpeg | https://phinf.pstatic.net/checkout.phinf/20260529_35/1780047759740hpcsW_JPEG/IMG_5313.jpeg | https://phinf.pstatic.net/checkout.phinf/20260529_228/178004775976562E9q_JPEG/IMG_5309.jpeg | https://phinf.pstatic.net/checkout.phinf/20260529_163/1780047759722fnQrw_JPEG/IMG_5310.jpeg,정상(Genuine),0,실물 인증 사진 첨부 (4장)
265,4986210606,choi******,2026.05.28,5,8GB,512GB,블러시,무거워요,좋아요,아이패드 잘 쓰고 있어서 맥북 산건데 생각보다 쓰기가 불편하네요ㅠㅠㅋ,0,1,https://phinf.pstatic.net/checkout.phinf/20260528_81/1779956377145ckWSR_JPEG/IMG_8859.jpeg,정상(Genuine),0,실물 인증 사진 첨부 (1장)
266,4986090564,namg***,2026.05.28,5,8GB,512GB,블러시,적당해요,보통이에요,아주 잘 사용중입니다.,0,1,https://phinf.pstatic.net/checkout.phinf/20260528_195/1779947944739wXiWd_JPEG/IMG_3426.jpeg,주의(Suspicious),30,초단문 리뷰 (12자 - 포인트 파밍 의심); 실물 인증 사진 첨부 (1장)
267,4985471377,jsbe****,2026.05.27,5,8GB,256GB,실버,적당해요,좋아요,"선물용으로 샀는데 , 가볍게 쓰기 좋고 빠르게 잘 돌아가서 너무 좋다고하네요",0,1,https://phinf.pstatic.net/checkout.phinf/20260527_197/1779879980335IGpu4_JPEG/IMG_6398.jpeg,정상(Genuine),0,실물 인증 사진 첨부 (1장)
268,4984004643,k112****,2026.05.25,5,8GB,512GB,블러시,가벼워요,좋아요,너무 이쁘고 맘에듭니다 실제로 보면 정말 이뻐요,0,1,https://phinf.pstatic.net/checkout.phinf/20260525_32/1779699477496qR7be_JPEG/1000028034.jpg,정상(Genuine),5,단문 리뷰 (26자); 실물 인증 사진 첨부 (1장)
269,4983358985,choi****,2026.05.24,5,8GB,512GB,시트러스,적당해요,좋아요,한달동안 적응하며 사용하고 있어요 맥은 처음이라 공부 더 해볼게요.,0,0,,정상(Genuine),0,특이사항 없음
270,4983317330,seo8***,2026.05.24,5,8GB,512GB,블러시,무거워요,좋아요,처음에 받고 뜯었을때 와 색 진짜 이뻐요!아직 제대로 안써봤지만 한달후기 쓸게요,0,1,https://phinf.pstatic.net/checkout.phinf/20260524_69/17795938488676uG8o_JPEG/IMG_9201.jpeg,정상(Genuine),0,실물 인증 사진 첨부 (1장)
271,4983299979,ksk2***,2026.05.24,5,8GB,256GB,인디고,적당해요,좋아요,잘사용중 입니다 만족해요,0,1,https://phinf.pstatic.net/checkout.phinf/20260524_240/1779592129717O6dyV_JPEG/IMG_4350.jpeg,주의(Suspicious),30,초단문 리뷰 (13자 - 포인트 파밍 의심); 실물 인증 사진 첨부 (1장)
272,4983059476,le****,2026.05.23,4,8GB,256GB,실버,적당해요,보통이에요,뭐 맥북이 처음이라 맛이나 볼려구요.,0,2,https://phinf.pstatic.net/checkout.phinf/20260523_131/1779540398287cLcnJ_JPEG/29394.jpg | https://phinf.pstatic.net/checkout.phinf/20260523_65/1779540398404RzcKa_JPEG/29395.jpg,정상(Genuine),5,단문 리뷰 (20자); 실물 인증 사진 첨부 (2장)
273,4982382825,jume******,2026.05.22,5,8GB,512GB,시트러스,적당해요,좋아요,색상이 하나밖에 없어 선택했는데 생각보다 괜찮네요. 간만에 맥으로 돌아와 기대되네요,0,1,https://phinf.pstatic.net/checkout.phinf/20260522_48/1779450900701XddbU_JPEG/image.jpg,정상(Genuine),0,실물 인증 사진 첨부 (1장)
274,4982275842,yong****,2026.05.22,5,8GB,256GB,실버,적당해요,좋아요,가지고싶었던 제품 잘 산거 같어요,0,0,,주의(Suspicious),45,초단문 리뷰 (18자 - 포인트 파밍 의심)
275,4981866342,thel*****,2026.05.22,5,8GB,256GB,인디고,적당해요,좋아요,"외국에있는 아들한테 보냈네요 사용하기도 편리하고, 색상도 맘에 들어하네요~ 별 고장 없이 잘 썼으면 좋겠네요 빠른배송 꼼꼼한포장 굿입니다~^^",0,1,https://phinf.pstatic.net/checkout.phinf/20260522_2/17794122575686eUkS_JPEG/31582.jpg,정상(Genuine),0,실물 인증 사진 첨부 (1장)
276,4981487368,gusd*****,2026.05.21,5,8GB,512GB,시트러스,무거워요,좋아요,색깔 이쁘구요 빠릿빠릿하고 좋아여,0,1,https://phinf.pstatic.net/checkout.phinf/20260521_242/1779356385929ymliu_JPEG/IMG_7120.jpeg,주의(Suspicious),30,초단문 리뷰 (18자 - 포인트 파밍 의심); 실물 인증 사진 첨부 (1장)
277,4981399912,kkhk****,2026.05.21,5,8GB,256GB,실버,적당해요,좋아요,경품으로 주문...잘 받았습니다.,0,0,,주의(Suspicious),45,초단문 리뷰 (18자 - 포인트 파밍 의심)
278,4981236916,eans****,2026.05.21,5,8GB,512GB,시트러스,무거워요,좋아요,잘받았습니다 도착보장좋네요,0,1,https://phinf.pstatic.net/checkout.phinf/20260521_35/1779337195086cr2hY_JPEG/1000036924.jpg,주의(Suspicious),30,초단문 리뷰 (14자 - 포인트 파밍 의심); 실물 인증 사진 첨부 (1장)
279,4980906243,dwmi****,2026.05.20,5,8GB,512GB,실버,가벼워요,좋아요,가볍고 빠르고 인강용으로 좋네요,0,1,https://phinf.pstatic.net/checkout.phinf/20260520_63/1779284659977sH8UP_JPEG/20870.jpg,주의(Suspicious),30,초단문 리뷰 (17자 - 포인트 파밍 의심); 실물 인증 사진 첨부 (1장)
280,4980899212,tmda******,2026.05.20,5,8GB,512GB,인디고,무거워요,좋아요,너무나도 맘에 들어요 색이 너무 예쁘고 첫 맥북 입문!! 걱정과 달리 적응도 빨리했고(사실 적응 힘들었어요..) 윈도우에 익숙하시다고 하면 맥북은 좀 어려우실 수 있을 듯 합니다.,0,2,https://phinf.pstatic.net/checkout.phinf/20260520_51/1779283974691aprcS_JPEG/IMG_8595.jpeg | https://phinf.pstatic.net/checkout.phinf/20260520_147/1779283974182S1evh_JPEG/IMG_8584.jpeg,정상(Genuine),0,실물 인증 사진 첨부 (2장)
281,4980820359,ipho*****,2026.05.20,5,8GB,256GB,실버,적당해요,좋아요,굿 좋와요 상품이 좋와요,0,1,https://phinf.pstatic.net/checkout.phinf/20260520_32/1779278379930d2w1f_JPEG/IMG_8974.jpeg,주의(Suspicious),30,초단문 리뷰 (13자 - 포인트 파밍 의심); 실물 인증 사진 첨부 (1장)
282,4980442602,love******,2026.05.20,5,8GB,512GB,시트러스,적당해요,좋아요,좋아요 문서 영상용으로 구입했어요,0,1,https://phinf.pstatic.net/checkout.phinf/20260520_235/1779251926955HpXMr_JPEG/image.jpg,정상(Genuine),0,초단문 리뷰 (18자 - 포인트 파밍 의심); 실사용 맥락 명시 (영상); 실물 인증 사진 첨부 (1장)
283,4980177091,fifa****,2026.05.19,5,8GB,512GB,실버,적당해요,좋아요,가성비 최강의 맥북입니다,0,0,,정상(Genuine),15,초단문 리뷰 (13자 - 포인트 파밍 의심); 실사용 맥락 명시 (강의)
284,4979952650,snoo****,2026.05.19,5,8GB,256GB,실버,적당해요,좋아요,맥북 처음쓰는데. 설레네요&lt;~! 일단 디자인이 조아서 만족합니다~~!^^*,0,5,https://phinf.pstatic.net/checkout.phinf/20260519_227/1779190967124pfnJc_JPEG/IMG_6302.jpeg | https://phinf.pstatic.net/checkout.phinf/20260519_206/1779190967178xzJwa_JPEG/IMG_6303.jpeg | https://phinf.pstatic.net/checkout.phinf/20260519_30/1779190967076QOWIk_JPEG/IMG_6305.jpeg | https://phinf.pstatic.net/checkout.phinf/20260519_24/1779190967189laaEk_JPEG/IMG_6304.jpeg | https://phinf.pstatic.net/checkout.phinf/20260519_237/1779190967139cAIz6_JPEG/IMG_6359.jpeg,정상(Genuine),0,실물 인증 사진 첨부 (5장)
285,4979758462,sheo****,2026.05.19,5,8GB,512GB,실버,적당해요,좋아요,최고의 맥북이다. 이건,0,0,,주의(Suspicious),45,초단문 리뷰 (12자 - 포인트 파밍 의심)
286,4978743361,ghdc*****,2026.05.18,5,8GB,256GB,실버,무거워요,좋아요,좋네요 감사합니다.,0,1,https://phinf.pstatic.net/checkout.phinf/20260518_7/1779067648021VvobY_JPEG/56089.jpg,주의(Suspicious),30,초단문 리뷰 (10자 - 포인트 파밍 의심); 실물 인증 사진 첨부 (1장)
287,4978498092,yoon*****,2026.05.17,5,-,-,-,적당해요,좋아요,색깔도 예쁘고 휴대폰도 애플이라 연동이 되다 보니 굉장히 편리하게 잘 쓰고 있습니다 ☺️,0,1,https://phinf.pstatic.net/checkout.phinf/20260517_56/1779020211770Ys0va_JPEG/IMG_1488.jpeg,정상(Genuine),0,실물 인증 사진 첨부 (1장)
288,4978254404,boms*******,2026.05.17,5,8GB,512GB,실버,무거워요,좋아요,빠른배송미쳤습니다 빨라요,0,1,https://phinf.pstatic.net/checkout.phinf/20260517_209/1778994129306GBxqE_JPEG/1000019922.jpg,주의(Suspicious),30,초단문 리뷰 (13자 - 포인트 파밍 의심); 실물 인증 사진 첨부 (1장)
289,4978155423,5872***,2026.05.17,5,8GB,256GB,블러시,적당해요,좋아요,가격대비 조아요 가볍게 쓸 수 있고 사이즈도 부담없이 들고다니기 조아요 ㅎㅎ,0,1,https://phinf.pstatic.net/checkout.phinf/20260517_298/1778985287503J2HDp_JPEG/image.jpg,정상(Genuine),0,실물 인증 사진 첨부 (1장)
290,4978132278,tnso*****,2026.05.17,5,-,-,-,적당해요,좋아요,예뻐서 사야만 했음,0,0,,주의(Suspicious),45,초단문 리뷰 (10자 - 포인트 파밍 의심)
291,4977857191,kdhl*****,2026.05.16,5,8GB,512GB,실버,적당해요,좋아요,사용법도쉽고 기능도충분합니다,0,1,https://phinf.pstatic.net/checkout.phinf/20260516_246/1778928842055L2VPF_JPEG/image.jpg,주의(Suspicious),30,초단문 리뷰 (15자 - 포인트 파밍 의심); 실물 인증 사진 첨부 (1장)
292,4977323286,jmin*****,2026.05.15,5,8GB,512GB,블러시,적당해요,좋아요,영롱하니 이뻐요~ 맥은 첨이라 어렵긴한데 적응해봐야죠~ 잘 샀습니당,0,1,https://phinf.pstatic.net/checkout.phinf/20260516_67/1778858264337YiGSQ_JPEG/IMG_5675.jpeg,정상(Genuine),0,실물 인증 사진 첨부 (1장)
293,4977267080,kjb4******,2026.05.15,5,8GB,256GB,실버,적당해요,좋아요,디자인 애플답게 모난데 없이 매끄러워요. 빠릿빠릿하고 문서작업용으로 딱이에요.,0,0,,정상(Genuine),0,실사용 맥락 명시 (작업)
294,4976589642,dk98****,2026.05.14,4,8GB,512GB,시트러스,적당해요,좋아요,잘사용하고 있어요 이쁜건 말도 못하구요,0,1,https://phinf.pstatic.net/checkout.phinf/20260515_260/1778799720697xVgjt_JPEG/244.jpg,정상(Genuine),5,단문 리뷰 (21자); 실물 인증 사진 첨부 (1장)
295,4976358781,hdna****,2026.05.14,5,8GB,256GB,실버,적당해요,좋아요,좋습니다 감사합니다,0,1,https://phinf.pstatic.net/checkout.phinf/20260514_277/17787574662871Hlqg_JPEG/image.jpg,주의(Suspicious),30,초단문 리뷰 (10자 - 포인트 파밍 의심); 실물 인증 사진 첨부 (1장)
296,4976324638,ekrk*****,2026.05.14,5,8GB,512GB,실버,적당해요,좋아요,가지고 다니기 편해져서 어깨가 편해졌네요,0,0,,정상(Genuine),20,단문 리뷰 (22자)
297,4975911424,adia******,2026.05.14,5,8GB,256GB,실버,적당해요,좋아요,"생각보다 살짝 무겁긴 했지만, 들고다니기에 불편한 정도는 아닙니다. 맥북 처음 써보는데 왜 쓰는지 알겠네요! 간단한 문서작업 등은 무리없이 잘 됩니다!",0,2,https://phinf.pstatic.net/checkout.phinf/20260514_169/17787226033344IOlb_JPEG/IMG_5664.jpeg | https://phinf.pstatic.net/checkout.phinf/20260514_147/1778722601881RsMmm_JPEG/IMG_5667.jpeg,정상(Genuine),0,실사용 맥락 명시 (작업); 실물 인증 사진 첨부 (2장)
298,4975752830,come****,2026.05.13,5,8GB,256GB,실버,적당해요,좋아요,잘받앆어요 잘쓸게오,0,1,https://phinf.pstatic.net/checkout.phinf/20260514_99/1778689704124tF6Sv_JPEG/image.jpg,주의(Suspicious),30,초단문 리뷰 (10자 - 포인트 파밍 의심); 실물 인증 사진 첨부 (1장)
299,4975453124,yu7a****,2026.05.13,5,8GB,256GB,블러시,적당해요,좋아요,쓰던 노트북 고장나서 급하게 주문했는데 넘 예뻐용 배송도 바로와서 잘쓰고있어요 ㅎㅎ,0,1,https://phinf.pstatic.net/checkout.phinf/20260513_245/17786638901988gKfD_JPEG/IMG_3447.jpeg,정상(Genuine),0,실물 인증 사진 첨부 (1장)
300,4975405959,slow***,2026.05.13,5,8GB,512GB,시트러스,적당해요,좋아요,고사양이 필요하지 않아서 이정도만해도 충분해서,0,1,https://phinf.pstatic.net/checkout.phinf/20260513_132/1778660444224IBkMf_JPEG/image.jpg,정상(Genuine),5,단문 리뷰 (25자); 실물 인증 사진 첨부 (1장)
301,4974140505,nan_***,2026.05.12,5,8GB,256GB,실버,적당해요,보통이에요,마이 쁘띠 늬오💛 서브용으로 진짜 딱이에요!! 롤체 잘 됨ㅎㅎ,0,1,https://phinf.pstatic.net/checkout.phinf/20260512_242/1778550386881VPoFn_JPEG/image.jpg,정상(Genuine),5,단문 리뷰 (34자); 실물 인증 사진 첨부 (1장)
302,4973962279,jinh******,2026.05.11,5,8GB,256GB,시트러스,적당해요,좋아요,진짜 대만족중 고민은 배송만 늦출뿐이죠~,0,1,https://phinf.pstatic.net/checkout.phinf/20260511_284/1778508235929WSx3E_JPEG/image.jpg,정상(Genuine),5,단문 리뷰 (22자); 실물 인증 사진 첨부 (1장)
303,4973795782,tnwl********,2026.05.11,5,-,-,-,적당해요,좋아요,사길 잘했어요 블로그쓸때 에어드랍으로 바로 사진보내니 너무 편하네요,0,1,https://phinf.pstatic.net/checkout.phinf/20260511_24/1778492350631EhJBF_JPEG/image.jpg,정상(Genuine),0,실사용 맥락 명시 (블로그); 실물 인증 사진 첨부 (1장)
304,4973490075,db****,2026.05.11,5,-,-,-,적당해요,좋아요,제품 너무 만족스럽게 사용중입니다. 딸아이 선물이었는데 쓸수록 좋다고 합니다.,0,1,https://phinf.pstatic.net/checkout.phinf/20260511_40/1778467663172uRN1w_JPEG/1778467649838.jpg,정상(Genuine),0,실물 인증 사진 첨부 (1장)
305,4973474976,jel_********,2026.05.11,5,8GB,256GB,블러시,무거워요,좋아요,굿 너무 이쁘고 색 안질려요 미쳤습니다,0,1,https://phinf.pstatic.net/checkout.phinf/20260511_293/1778466634268ufJyp_JPEG/image.jpg,정상(Genuine),5,단문 리뷰 (21자); 실물 인증 사진 첨부 (1장)
306,4973141278,ops1***,2026.05.10,5,8GB,512GB,블러시,적당해요,좋아요,너무 완벽한 노트북,0,0,,주의(Suspicious),45,초단문 리뷰 (10자 - 포인트 파밍 의심)
307,4973095939,doda*****,2026.05.10,5,8GB,256GB,시트러스,적당해요,좋아요,색상이 너무너무너무예뻐요ㅜㅜ 서브 노트북으로 산건데 완전 만족입니다,0,1,https://phinf.pstatic.net/checkout.phinf/20260510_81/1778410477471zLyHX_JPEG/image.jpg,정상(Genuine),0,실물 인증 사진 첨부 (1장)
308,4972841091,ih****,2026.05.10,4,8GB,512GB,실버,적당해요,보통이에요,한 달 전으로 돌아간다면 과연 싰을까&hellip;.???,0,1,https://phinf.pstatic.net/checkout.phinf/20260510_262/1778388721378E4mv2_JPEG/image.jpg,정상(Genuine),5,단문 리뷰 (32자); 실물 인증 사진 첨부 (1장)
309,4972777363,lake****,2026.05.10,4,8GB,256GB,시트러스,적당해요,좋아요,맥북은 처음 쓰는 거라 아직 익숙하지 않은데 동작이 빨라서 좋네요. 무게도 적당해서 가지고 다니면서 사용하기 편해요.,0,1,https://phinf.pstatic.net/checkout.phinf/20260510_165/1778383722457A1co9_JPEG/1000005151.jpg,정상(Genuine),0,실물 인증 사진 첨부 (1장)
310,4972666847,ri****,2026.05.10,5,8GB,256GB,실버,적당해요,좋아요,아이가 아주 잘쓰고 있습니다~,0,1,https://phinf.pstatic.net/checkout.phinf/20260510_151/1778374655257KlbR0_JPEG/tmp_2169650702693532808.jpg,주의(Suspicious),30,초단문 리뷰 (16자 - 포인트 파밍 의심); 실물 인증 사진 첨부 (1장)
311,4972594097,blue*******,2026.05.09,5,8GB,256GB,실버,적당해요,좋아요,윈트북만 쓰다가 맥북 처음 써보는데 발열이 없어서 너무 좋습니다,0,1,https://phinf.pstatic.net/checkout.phinf/20260510_125/1778356496805k4gVt_JPEG/1000041946.jpg,정상(Genuine),0,실사용 맥락 명시 (발열); 실물 인증 사진 첨부 (1장)
312,4972462190,dlal******,2026.05.09,5,8GB,512GB,인디고,무거워요,좋아요,작동잘되고 좋아요~~ ㅎㅎ,0,1,https://phinf.pstatic.net/checkout.phinf/20260509_179/1778329313808lqPPY_JPEG/tmp_1712865440997716884.jpg,주의(Suspicious),30,초단문 리뷰 (14자 - 포인트 파밍 의심); 실물 인증 사진 첨부 (1장)
313,4972043400,hjh0***,2026.05.09,5,8GB,256GB,실버,무거워요,좋아요,"표시 무게보다는 더 무거운 느낌이지만 작고 라운드처리로 뽀짝하고, 일반적인 사용에 무리 없어서 좋습니다.",0,3,https://phinf.pstatic.net/checkout.phinf/20260509_255/1778296174119gDzOj_JPEG/1000013075.jpg | https://phinf.pstatic.net/checkout.phinf/20260509_2/1778296174122rYr1t_JPEG/1000013074.jpg | https://phinf.pstatic.net/checkout.phinf/20260509_89/17782961740714T9WL_JPEG/1000013077.jpg,정상(Genuine),0,실물 인증 사진 첨부 (3장)
314,4971590352,rare*****,2026.05.08,5,8GB,256GB,실버,적당해요,보통이에요,잘 쓰고있어요 ㅎㅎ,0,1,https://phinf.pstatic.net/checkout.phinf/20260508_298/1778235121484C4lgI_JPEG/IMG_9753.jpeg,주의(Suspicious),30,초단문 리뷰 (10자 - 포인트 파밍 의심); 실물 인증 사진 첨부 (1장)
315,4971531538,rhyt******,2026.05.08,5,8GB,256GB,실버,적당해요,보통이에요,가격이 무난해서 다른점들도 무난합니다 라이트하게 입문하려고 구매했습니다,0,1,https://phinf.pstatic.net/checkout.phinf/20260508_65/1778230724207TcyE0_JPEG/KakaoTalk_20260403_005625548.jpg,정상(Genuine),0,실물 인증 사진 첨부 (1장)
316,4971388959,jsor***,2026.05.08,5,8GB,256GB,실버,적당해요,보통이에요,아주 잘 쓰고있어요,0,1,https://phinf.pstatic.net/checkout.phinf/20260508_25/1778220898767Q7XVg_JPEG/ED9994EBA9B420ECBAA1ECB298202026-05-0820151312.jpg,주의(Suspicious),30,초단문 리뷰 (10자 - 포인트 파밍 의심); 실물 인증 사진 첨부 (1장)
317,4970955209,eunj*********,2026.05.07,5,8GB,512GB,블러시,적당해요,좋아요,생각보다 쾌적하게 잘 쓰고 있어요,0,1,https://phinf.pstatic.net/checkout.phinf/20260508_266/1778167416176ExxWw_JPEG/image.jpg,주의(Suspicious),30,초단문 리뷰 (18자 - 포인트 파밍 의심); 실물 인증 사진 첨부 (1장)
318,4970871696,ilji***,2026.05.07,5,8GB,256GB,실버,무거워요,좋아요,묵직하네요 ㅎㅎ 세컨으로 최고의 가성비라 생각됩니다 배터리사용시간 신경안쓰고 택배 포장은 내부 볼륨이 좀 비우게 왔는데 잘 배송되어왔어요 내부 완충재만 조금더 채워서 보내주면 좋을듯해요,0,1,https://phinf.pstatic.net/checkout.phinf/20260507_114/1778160267359Hk2xJ_JPEG/1000294135.jpg,정상(Genuine),0,실사용 맥락 명시 (배터리); 실물 인증 사진 첨부 (1장)
319,4970405087,98****,2026.05.07,5,8GB,256GB,실버,무거워요,좋아요,상태도 좋고 배송도 빨라요,0,1,https://phinf.pstatic.net/checkout.phinf/20260507_300/1778133636905SyvAz_JPEG/40326.jpg,주의(Suspicious),30,초단문 리뷰 (14자 - 포인트 파밍 의심); 실물 인증 사진 첨부 (1장)
320,4969993261,leej********,2026.05.06,5,8GB,256GB,시트러스,무거워요,좋아요,정말 기대하지않았지만 사용할수록 가성비 갑입니당^^,0,1,https://phinf.pstatic.net/checkout.phinf/20260506_55/17780763960997nD6K_JPEG/IMG_1785.jpeg,정상(Genuine),5,단문 리뷰 (28자); 실물 인증 사진 첨부 (1장)
321,4969632281,mars*****,2026.05.06,5,8GB,256GB,시트러스,적당해요,좋아요,빠른 배송 만족해요.,0,1,https://phinf.pstatic.net/checkout.phinf/20260506_53/1778051525704CBo14_JPEG/KakaoTalk_20260506_160941652_03.jpg,주의(Suspicious),30,초단문 리뷰 (11자 - 포인트 파밍 의심); 실물 인증 사진 첨부 (1장)
322,4969487172,ri****,2026.05.06,5,8GB,256GB,시트러스,무거워요,좋아요,빠른 배송 감사합니다,0,0,,주의(Suspicious),45,초단문 리뷰 (11자 - 포인트 파밍 의심)
323,4968946662,vete****,2026.05.05,4,8GB,512GB,실버,적당해요,좋아요,배송 제외하고 다 좋습니다~,0,1,https://phinf.pstatic.net/checkout.phinf/20260505_225/1777971501844KmrBz_JPEG/IMG_7955.jpeg,주의(Suspicious),30,초단문 리뷰 (15자 - 포인트 파밍 의심); 실물 인증 사진 첨부 (1장)
324,4968855379,wwow****,2026.05.05,5,8GB,256GB,실버,적당해요,보통이에요,배송이 총알이네요. 예뻐요. 맥북프로 고장나서 몇년 안쓰다 다시 돌아온 맥북 넘좋아요,0,1,https://phinf.pstatic.net/checkout.phinf/20260505_63/1777965124925HyjIj_JPEG/20260505_161020.jpg,정상(Genuine),0,실물 인증 사진 첨부 (1장)
325,4968743993,kh****,2026.05.05,5,8GB,256GB,실버,적당해요,좋아요,잘쓰고 있어요 견고하고 좋아요,0,0,,주의(Suspicious),45,초단문 리뷰 (16자 - 포인트 파밍 의심)
326,4968686698,nick****,2026.05.05,5,8GB,256GB,실버,적당해요,좋아요,맥북 네오 정말 대만족이에요,0,1,https://phinf.pstatic.net/checkout.phinf/20260505_102/1777950327537XQqVW_JPEG/IMG_0704.jpeg,주의(Suspicious),30,초단문 리뷰 (15자 - 포인트 파밍 의심); 실물 인증 사진 첨부 (1장)
327,4968645763,pi****,2026.05.05,5,8GB,256GB,실버,가벼워요,좋아요,믿고 구입한 맥북네요. 딱 좋습니다!,0,1,https://phinf.pstatic.net/checkout.phinf/20260505_186/1777946146131wRnaF_JPEG/1000035812.jpg,정상(Genuine),5,단문 리뷰 (20자); 실물 인증 사진 첨부 (1장)
328,4968634250,ll93****,2026.05.05,5,8GB,256GB,실버,적당해요,보통이에요,"첫 맥북 ..💛 인강, 웹서핑 용으로 구매 한거라 막족도 최상입니다",0,1,https://phinf.pstatic.net/checkout.phinf/20260505_215/1777945119406obFFE_JPEG/IMG_6538.jpeg,정상(Genuine),0,실물 인증 사진 첨부 (1장)
329,4968460374,king*****,2026.05.04,5,8GB,256GB,시트러스,무거워요,좋아요,색이 이쁩니다 가성비가 매우 좋아요,0,1,https://phinf.pstatic.net/checkout.phinf/20260504_23/1777899807073iDVWB_JPEG/1000016398.jpg,주의(Suspicious),30,초단문 리뷰 (19자 - 포인트 파밍 의심); 실물 인증 사진 첨부 (1장)
330,4968439853,wnsg*****,2026.05.04,5,8GB,256GB,블러시,적당해요,좋아요,"가성비 최고의 맥북 매우 만족하며 사용중입니다. 맥북 프로, 맥북에어 쓰다 넘어왔는데 문서 타이핑, 블로그, 유투브 정도만 본다면 네오 안살 이유가 없네요",0,1,https://phinf.pstatic.net/checkout.phinf/20260504_93/1777897409727dsrq8_JPEG/image.jpg,정상(Genuine),0,"실사용 맥락 명시 (블로그, 맥북에어); 실물 인증 사진 첨부 (1장)"
331,4968393397,so58***,2026.05.04,5,8GB,512GB,시트러스,무거워요,좋아요,512GB라 무겁습니다...ㅠㅜ 기존 제 노트북보다 무거워요ㅠㅜ,0,1,https://phinf.pstatic.net/checkout.phinf/20260504_243/1777892254865zaYBu_JPEG/IMG_6692.jpeg,정상(Genuine),0,실사용 맥락 명시 (512); 실물 인증 사진 첨부 (1장)
332,4968188749,lgh2****,2026.05.04,4,-,-,-,무거워요,보통이에요,좀 무겁긴 하지만 잘 사용하고 있어요,0,1,https://phinf.pstatic.net/checkout.phinf/20260504_146/1777869518655NQGeK_JPEG/IMG_1396.jpeg,정상(Genuine),5,단문 리뷰 (20자); 실물 인증 사진 첨부 (1장)
333,4967958028,ek****,2026.05.03,5,8GB,256GB,실버,적당해요,좋아요,생각한대로 사용하기 좋아요,0,1,https://phinf.pstatic.net/checkout.phinf/20260504_188/1777835229936Jvw1k_JPEG/IMG_8172.jpeg,주의(Suspicious),30,초단문 리뷰 (14자 - 포인트 파밍 의심); 실물 인증 사진 첨부 (1장)
334,4967651436,usef******,2026.05.03,5,8GB,256GB,인디고,적당해요,좋아요,빠른배송 감사합니다,0,1,https://phinf.pstatic.net/checkout.phinf/20260503_240/1777788820079zeHEd_JPEG/IMG_2913.jpeg,주의(Suspicious),30,초단문 리뷰 (10자 - 포인트 파밍 의심); 실물 인증 사진 첨부 (1장)
335,4967631305,dudw*****,2026.05.03,5,8GB,256GB,블러시,적당해요,좋아요,너어어어무 예뻐요ㅠ 오프라인 품절이라 온라인으로 샀눈데 바로 다음날 오고 너무 좋네요!,0,1,https://phinf.pstatic.net/checkout.phinf/20260503_78/1777786463561binRj_JPEG/1000024760.jpg,정상(Genuine),0,실물 인증 사진 첨부 (1장)
336,4967428745,pufs****,2026.05.02,5,8GB,256GB,블러시,무거워요,좋아요,쿠팡보다 싸네요 좋아요,0,2,https://phinf.pstatic.net/checkout.phinf/20260503_125/1777765627091feIXS_JPEG/1000042286.jpg | https://phinf.pstatic.net/checkout.phinf/20260503_80/1777765627198W8TBK_JPEG/1000042287.jpg,주의(Suspicious),30,초단문 리뷰 (12자 - 포인트 파밍 의심); 실물 인증 사진 첨부 (2장)
337,4967329973,cowl******,2026.05.02,5,8GB,512GB,인디고,적당해요,좋아요,네오 다 쓰잖아요?,0,1,https://phinf.pstatic.net/checkout.phinf/20260502_233/1777728675405NAUxK_JPEG/image.jpg,주의(Suspicious),30,초단문 리뷰 (10자 - 포인트 파밍 의심); 실물 인증 사진 첨부 (1장)
338,4967280313,pr****,2026.05.02,5,8GB,512GB,실버,적당해요,좋아요,잘 사용하고 있습니다.,0,1,https://phinf.pstatic.net/checkout.phinf/20260502_137/1777722860993jwfM2_JPEG/IMG_4784.jpeg,주의(Suspicious),30,초단문 리뷰 (12자 - 포인트 파밍 의심); 실물 인증 사진 첨부 (1장)
339,4967179492,brig***,2026.05.02,5,-,-,-,가벼워요,좋아요,정말 마음에 듭니다!,0,1,https://phinf.pstatic.net/checkout.phinf/20260502_179/1777711014836qS9cY_JPEG/IMG_1152.jpeg,주의(Suspicious),30,초단문 리뷰 (11자 - 포인트 파밍 의심); 실물 인증 사진 첨부 (1장)
340,4966855060,holy********,2026.05.01,5,8GB,256GB,인디고,적당해요,좋아요,맥북 첨인데 너무 좋네요,0,0,,주의(Suspicious),45,초단문 리뷰 (13자 - 포인트 파밍 의심)
341,4966280850,gogo*****,2026.05.01,5,-,-,-,적당해요,보통이에요,잘 사용하고 있습니다,0,1,https://phinf.pstatic.net/checkout.phinf/20260501_244/1777599767281aWiDF_JPEG/1000027192.jpg,주의(Suspicious),30,초단문 리뷰 (11자 - 포인트 파밍 의심); 실물 인증 사진 첨부 (1장)
342,4966275759,zipp***,2026.05.01,5,-,-,-,가벼워요,좋아요,맥북을 오랜만에 써서 살짝 버벅거리긴 했지만 가격대비 성능은 최고라 생각됩니다,0,1,https://phinf.pstatic.net/checkout.phinf/20260501_33/1777599346083nvwXd_JPEG/image.jpg,정상(Genuine),0,실물 인증 사진 첨부 (1장)
343,4966149807,suji********,2026.04.30,5,8GB,512GB,인디고,무거워요,좋아요,괜찮은거 같아요. 컬러 맘에 들어요.,0,0,,정상(Genuine),20,단문 리뷰 (20자)
344,4966126822,y1****,2026.04.30,5,8GB,512GB,인디고,적당해요,좋아요,좋아요좋아요좋아요좋아요,0,0,,주의(Suspicious),45,초단문 리뷰 (12자 - 포인트 파밍 의심)
345,4966061275,nanu***,2026.04.30,5,8GB,256GB,블러시,적당해요,좋아요,막 엄청 가볍진 않고 무겁지도 않음! 색깔이 다했음 너무 이쁨 실물파임 ㅠ 제가 찍은 사진두 믿지마세요 무조건 실물 보셔야합니다..!,0,1,https://phinf.pstatic.net/checkout.phinf/20260430_288/1777553783211P7J3F_JPEG/IMG_5893.jpeg,정상(Genuine),0,실물 인증 사진 첨부 (1장)
346,4965913681,gurd*****,2026.04.30,3,8GB,512GB,인디고,적당해요,좋아요,제품은 마음에 드는데 포장상태가~ 몇만원짜리도 아닌데 포장 좀 신경써서 해주세요~,0,5,https://phinf.pstatic.net/checkout.phinf/20260430_193/1777540697019svWQx_JPEG/IMG_0022.jpeg | https://phinf.pstatic.net/checkout.phinf/20260430_121/1777540697816jjJJ3_JPEG/IMG_0023.jpeg | https://phinf.pstatic.net/checkout.phinf/20260430_212/1777540697912AA4o3_JPEG/IMG_0024.jpeg | https://phinf.pstatic.net/checkout.phinf/20260430_80/1777540694979UvDRf_JPEG/IMG_0027.jpeg | https://phinf.pstatic.net/checkout.phinf/20260430_183/1777540695194WrwNo_JPEG/IMG_0025.jpeg,정상(Genuine),0,실물 인증 사진 첨부 (5장)
347,4965658145,ja****,2026.04.30,5,8GB,512GB,시트러스,적당해요,좋아요,좋은상품 감사합니다 ㅎㅎ,0,1,https://phinf.pstatic.net/checkout.phinf/20260430_222/1777518795715zjzmG_JPEG/1777518783682.jpg,주의(Suspicious),30,초단문 리뷰 (13자 - 포인트 파밍 의심); 실물 인증 사진 첨부 (1장)
348,4965448108,seer****,2026.04.29,5,-,-,-,무거워요,좋아요,잘 사용하고 있어요 맥북에어 터치패드에 익숙해있다가 터치패드를 물리적으로 눌러줘야 하는 점은 불편하네요,0,1,https://phinf.pstatic.net/checkout.phinf/20260430_177/1777480620943KRbcl_JPEG/IMG_8365.jpeg,정상(Genuine),0,실사용 맥락 명시 (맥북에어); 실물 인증 사진 첨부 (1장)
349,4965423690,ys****,2026.04.29,5,8GB,256GB,인디고,적당해요,좋아요,공부할 때 사용하려고 구매했습니다! 공부용이라 큰 성능을 요하지 않는 제게는 최고입니다!,0,1,https://phinf.pstatic.net/checkout.phinf/20260430_242/1777474893174YD1EJ_JPEG/IMG_4719.jpeg,정상(Genuine),0,실물 인증 사진 첨부 (1장)
350,4965421950,0428******,2026.04.29,5,8GB,512GB,블러시,적당해요,좋아요,"예뻐서 구매했는데 배송도 넘 빠르고, 고사양 노트북을 원한건 아니여서 간단한 업무 보기에는 만족합니다!",0,2,https://phinf.pstatic.net/checkout.phinf/20260429_121/1777474636519GvoBF_JPEG/IMG_9137.jpeg | https://phinf.pstatic.net/checkout.phinf/20260429_155/17774746366952grnD_JPEG/IMG_9139.jpeg,정상(Genuine),0,실물 인증 사진 첨부 (2장)
351,4965339187,ym02*****,2026.04.29,5,8GB,256GB,블러시,적당해요,좋아요,맥북최고입니다 색깔존예에요,0,1,https://phinf.pstatic.net/checkout.phinf/20260429_138/1777467159450Qnit1_JPEG/image.jpg,주의(Suspicious),30,초단문 리뷰 (14자 - 포인트 파밍 의심); 실물 인증 사진 첨부 (1장)
352,4964880563,wlgp*****,2026.04.29,5,8GB,256GB,블러시,무거워요,좋아요,배송이 엄청 빨라요 리뷰보고 박스 걱정했는데 안전하게 잘와서 마음에 들어요! 아직 사용은 안해봤는데 만족합니당.,0,1,https://phinf.pstatic.net/checkout.phinf/20260429_230/1777433328215f284J_JPEG/tmp_5517500662527329815.jpg,정상(Genuine),0,실물 인증 사진 첨부 (1장)
353,4964688465,kies****,2026.04.28,5,8GB,512GB,블러시,적당해요,좋아요,네이버포인트 적립받고 빠른 배송이라 좋았어요,0,1,https://phinf.pstatic.net/checkout.phinf/20260429_191/1777416714997mCvFD_JPEG/image.jpg,정상(Genuine),5,단문 리뷰 (24자); 실물 인증 사진 첨부 (1장)
354,4964673919,yh****,2026.04.28,5,-,-,-,적당해요,좋아요,배터리가 오래가서 편리해요,0,1,https://phinf.pstatic.net/checkout.phinf/20260429_259/17774143689811Xwir_JPEG/image.jpg,정상(Genuine),0,초단문 리뷰 (14자 - 포인트 파밍 의심); 실사용 맥락 명시 (배터리); 실물 인증 사진 첨부 (1장)
355,4964640193,esj1***,2026.04.28,5,8GB,256GB,실버,무거워요,좋아요,배송고 빠르고 좋습니다 징짜 예쁘네요ㅠㅠ,0,1,https://phinf.pstatic.net/checkout.phinf/20260429_168/1777396278499q12Jp_JPEG/IMG_5150.jpeg,정상(Genuine),5,단문 리뷰 (22자); 실물 인증 사진 첨부 (1장)
356,4964540917,metr*****,2026.04.28,5,8GB,512GB,인디고,적당해요,좋아요,와이프 선물로 샀음 흑흑 ㅠㅠ,0,1,https://phinf.pstatic.net/checkout.phinf/20260428_71/1777382948680WwxWe_JPEG/12296.jpg,주의(Suspicious),30,초단문 리뷰 (16자 - 포인트 파밍 의심); 실물 인증 사진 첨부 (1장)
357,4964220050,mooc*******,2026.04.28,5,-,-,-,적당해요,좋아요,가성비 최강인듯 합니다. 만족스러워요,0,1,https://phinf.pstatic.net/checkout.phinf/20260428_161/1777364908103jF2eO_JPEG/IMG_0813.jpeg,정상(Genuine),5,단문 리뷰 (20자); 실물 인증 사진 첨부 (1장)
358,4964207813,hsh6***,2026.04.28,5,8GB,512GB,인디고,적당해요,좋아요,좋아요. 너무 잘 쓰고 있읍니다...완전 강추합니다...,0,0,,정상(Genuine),20,단문 리뷰 (31자)
359,4963703720,hd****,2026.04.27,5,8GB,512GB,인디고,가벼워요,좋아요,조카 어린이날 선물로 구매했습니다. 입문용 맥북으로 정말 좋은 제품이에요.,0,1,https://phinf.pstatic.net/checkout.phinf/20260428_214/1777302276440VBFzq_JPEG/KakaoTalk_20260427_235657709_09.jpg,정상(Genuine),0,실물 인증 사진 첨부 (1장)
360,4963683827,j2s4***,2026.04.27,5,-,-,-,무거워요,좋아요,잘 쓰고 있어요 좋아요,0,1,https://phinf.pstatic.net/checkout.phinf/20260427_109/1777299275808ddYJO_JPEG/image.jpg,주의(Suspicious),30,초단문 리뷰 (12자 - 포인트 파밍 의심); 실물 인증 사진 첨부 (1장)
361,4963620236,only******,2026.04.27,5,8GB,256GB,시트러스,적당해요,보통이에요,배송이 빠릅니당 ㅎㅎ,0,0,,주의(Suspicious),45,초단문 리뷰 (11자 - 포인트 파밍 의심)
362,4962561911,boms*******,2026.04.26,5,8GB,512GB,실버,무거워요,좋아요,조카가 급하게 필요하데서 네이버에서 밤늦게 결제했는데 다음날바로배송 최고~,0,1,https://phinf.pstatic.net/checkout.phinf/20260426_194/1777170968310r3OcU_JPEG/1000019922.jpg,정상(Genuine),0,실물 인증 사진 첨부 (1장)
363,4962510238,dark******,2026.04.26,5,-,-,-,무거워요,좋아요,새로운 애플 입문해서 좋았습니다.,0,1,https://phinf.pstatic.net/checkout.phinf/20260426_270/1777166445891pHhi1_JPEG/image.jpg,주의(Suspicious),30,초단문 리뷰 (18자 - 포인트 파밍 의심); 실물 인증 사진 첨부 (1장)
364,4962466208,yohj****,2026.04.25,5,8GB,256GB,시트러스,적당해요,좋아요,가볍지는 않은데 크기가 좋아용. 색도 넘 이쁘고 애플쓰던 사람이라 기기연동 최고~~~! 배송진짜진짜 빠름,0,1,https://phinf.pstatic.net/checkout.phinf/20260426_7/1777161324958lcTVP_JPEG/IMG_8427.jpeg,정상(Genuine),0,실물 인증 사진 첨부 (1장)
365,4962421582,le****,2026.04.25,4,8GB,256GB,블러시,무거워요,좋아요,막 그리 가볍지는 않습니다.(아마 다들 아시겠지만) 그래도 이뻐요 그걸로 대부분은 용서되는데 싸서 모든게 용서됩니다.,0,0,,정상(Genuine),0,특이사항 없음
366,4962388877,free*****,2026.04.25,5,8GB,256GB,블러시,적당해요,좋아요,상품 잘 받았습니다.,0,0,,주의(Suspicious),45,초단문 리뷰 (11자 - 포인트 파밍 의심)
367,4962334400,kasi****,2026.04.25,5,8GB,256GB,인디고,적당해요,좋아요,적당한 가격과 괜찮은 성능이에요,0,0,,주의(Suspicious),45,초단문 리뷰 (17자 - 포인트 파밍 의심)
368,4962199058,mihy******,2026.04.25,5,8GB,256GB,실버,적당해요,좋아요,첫 맥북이라 유튜브 보면서 이거저거 설정해주니 사용하기 편하네요ㅋㅋ 너무 좋아요🫶🏻,0,1,https://phinf.pstatic.net/checkout.phinf/20260425_68/1777109181336fgdW5_JPEG/IMG_8317.jpeg,정상(Genuine),0,실사용 맥락 명시 (유튜브); 실물 인증 사진 첨부 (1장)
369,4962057954,juju****,2026.04.25,5,8GB,512GB,블러시,적당해요,좋아요,고딩따님이 좋아하는핑코색..너무이쁩니다,0,1,https://phinf.pstatic.net/checkout.phinf/20260425_127/1777096931472HLVeA_JPEG/1000013322.jpg,정상(Genuine),5,단문 리뷰 (21자); 실물 인증 사진 첨부 (1장)
370,4962033754,life******,2026.04.25,5,8GB,256GB,인디고,적당해요,좋아요,"리뷰를 보고 배송 상태가 엉망일까 걱정했는데 에어캡으로 위, 아래 모두 넣어주어서 파손될 위험을 떨쳤습니다. N배송이지만 지방이라서 늦을 줄 알았는데 배송도 빠르고 아주 만족합니다.",0,1,https://phinf.pstatic.net/checkout.phinf/20260425_63/1777094896862jizhv_JPEG/IMG_6771.jpeg,정상(Genuine),0,실물 인증 사진 첨부 (1장)
371,4961958281,kimu****,2026.04.25,5,8GB,512GB,실버,가벼워요,좋아요,다음에 또 구매 할게요 ㅎ 좋습니다,0,1,https://phinf.pstatic.net/checkout.phinf/20260425_85/1777089183332PFttf_JPEG/IMG_4291.jpeg,주의(Suspicious),30,초단문 리뷰 (19자 - 포인트 파밍 의심); 실물 인증 사진 첨부 (1장)
372,4961479731,ksk2***,2026.04.24,5,8GB,256GB,인디고,적당해요,좋아요,디자인 가격 다 만족합니다,0,1,https://phinf.pstatic.net/checkout.phinf/20260424_240/1777020981085ldyED_JPEG/IMG_4350.jpeg,주의(Suspicious),30,초단문 리뷰 (14자 - 포인트 파밍 의심); 실물 인증 사진 첨부 (1장)
373,4961264291,se****,2026.04.24,5,-,-,-,가벼워요,좋아요,배송이 너무 오래 걸렸지만...만족합니다 깔끔하고 시원해보여요.. 보호도 잘될거 같아요,0,0,,정상(Genuine),0,특이사항 없음
374,4960172166,dk98****,2026.04.22,5,8GB,512GB,시트러스,무거워요,좋아요,이뻐요 하지만 전 애플은 안맞네요 ㅠㅠ,0,1,https://phinf.pstatic.net/checkout.phinf/20260423_99/1776894010125kNorQ_JPEG/244.jpg,정상(Genuine),5,단문 리뷰 (21자); 실물 인증 사진 첨부 (1장)
375,4959936630,cute*****,2026.04.22,4,8GB,256GB,블러시,적당해요,좋아요,집이 좀 어두워서 투명케이스사서 끼웠어요 ㅎㅎ 처음 쓰는 애플이라 쉬운게 없네요. 차근 차근 하나씩 하는 중입니다. 가성비로 산거고 활용도가 있어서 샀다기보단 이뻐서 때마침 갤럭시탭 오래된거 밖에 안 쓰고 있어서 ㅎ 저같은사람에겐 최고의 가성비죠 ㅎㅎ 잘배워보겠습니다,0,4,https://phinf.pstatic.net/checkout.phinf/20260422_267/1776855816255T17tV_JPEG/1000097333.jpg | https://phinf.pstatic.net/checkout.phinf/20260422_67/17768558161660lipo_JPEG/1000097332.jpg | https://phinf.pstatic.net/checkout.phinf/20260422_208/1776855816629FcNk3_JPEG/1000097339.jpg | https://phinf.pstatic.net/checkout.phinf/20260422_153/1776855816633sPFx3_JPEG/1000097334.jpg,정상(Genuine),0,실물 인증 사진 첨부 (4장)
376,4959314615,nato******,2026.04.21,5,8GB,512GB,인디고,적당해요,좋아요,총알배송 감사합니다 제품 문제없ㅇ이 잘 사용중이에요,0,0,,정상(Genuine),0,단문 리뷰 (28자); 실사용 맥락 명시 (총알배송)
377,4958753319,alsr****,2026.04.21,5,8GB,256GB,실버,가벼워요,좋아요,"디자인, 성능 다 만족합니다!",0,1,https://phinf.pstatic.net/checkout.phinf/20260421_101/1776751189340itFDP_JPEG/IMG_0156.jpeg,주의(Suspicious),30,초단문 리뷰 (16자 - 포인트 파밍 의심); 실물 인증 사진 첨부 (1장)
378,4958549251,mt****,2026.04.21,5,8GB,256GB,실버,무거워요,좋아요,배송 정말 빠르게 옵니다. 제품도 만족해요,0,1,https://phinf.pstatic.net/checkout.phinf/20260421_98/1776736552294wLywV_PNG/EC8AA4ED81ACEBA6B0EC83B7202026-04-2120105500.png,정상(Genuine),5,단문 리뷰 (23자); 실물 인증 사진 첨부 (1장)
379,4958549038,mt****,2026.04.21,5,8GB,256GB,시트러스,무거워요,좋아요,배송 정말 빠르게 옵니다. 제품도 만족해요,0,1,https://phinf.pstatic.net/checkout.phinf/20260421_50/1776736535927JLga3_PNG/EC8AA4ED81ACEBA6B0EC83B7202026-04-2120105500.png,정상(Genuine),5,단문 리뷰 (23자); 실물 인증 사진 첨부 (1장)
380,4958296938,ljlj****,2026.04.20,5,8GB,512GB,시트러스,적당해요,좋아요,살짝무겁지맘 아주 만죽랍니다!!!,0,0,,주의(Suspicious),45,초단문 리뷰 (18자 - 포인트 파밍 의심)
381,4957599412,i7****,2026.04.19,5,8GB,256GB,블러시,무거워요,좋아요,자녀 유학으로 샀어요 카드결제하고 12시간안에 배송되서 놀랬어요 학생용으로 좋은것 같아요 잘 사용할께요,0,1,https://phinf.pstatic.net/checkout.phinf/20260419_292/1776600701117CUugD_JPEG/1000038332.jpg,정상(Genuine),0,실물 인증 사진 첨부 (1장)
382,4957391283,nm****,2026.04.19,5,8GB,256GB,인디고,적당해요,좋아요,실버와 인디고 고민하다가 인디고구입했어요. 색상 맘에들어요. 키보드 터치감도 너무좋아요,0,0,,정상(Genuine),0,특이사항 없음
383,4957390506,zeen*****,2026.04.19,5,8GB,256GB,블러시,적당해요,보통이에요,배송빠르구 제품도 파손없이 잘왔어요,0,0,,주의(Suspicious),45,초단문 리뷰 (19자 - 포인트 파밍 의심)
384,4957239955,sm****,2026.04.19,5,-,-,-,적당해요,좋아요,일반적인 사무용으로 성능 차고넘치네요,0,0,,정상(Genuine),20,단문 리뷰 (20자)
385,4956631194,tech****,2026.04.18,5,8GB,256GB,인디고,적당해요,좋아요,빠르게 잘 도착했어요..,0,0,,주의(Suspicious),45,초단문 리뷰 (13자 - 포인트 파밍 의심)
386,4956442222,audi******,2026.04.17,5,-,-,-,적당해요,좋아요,진짜 이가격대에 애플 arm... 올킬이네요,0,1,https://phinf.pstatic.net/checkout.phinf/20260418_156/17764406713584etn9_JPEG/IMG_5982.jpeg,정상(Genuine),5,단문 리뷰 (24자); 실물 인증 사진 첨부 (1장)
387,4956277240,qkqv****,2026.04.17,5,-,-,-,가벼워요,좋아요,잘 받았습니다. 좋습니다.,0,1,https://phinf.pstatic.net/checkout.phinf/20260417_270/17764228170547rcYX_JPEG/image.jpg,주의(Suspicious),30,초단문 리뷰 (14자 - 포인트 파밍 의심); 실물 인증 사진 첨부 (1장)
388,4956182584,namg***,2026.04.17,5,8GB,512GB,블러시,무거워요,좋아요,선물했는데 좋아하네요,0,1,https://phinf.pstatic.net/checkout.phinf/20260417_270/1776414983586rEzDY_JPEG/IMG_3325.jpeg,주의(Suspicious),30,초단문 리뷰 (11자 - 포인트 파밍 의심); 실물 인증 사진 첨부 (1장)
389,4956071084,ps****,2026.04.17,5,8GB,512GB,인디고,무거워요,좋아요,잘 받았습니다. 이쁘네요,0,0,,주의(Suspicious),45,초단문 리뷰 (13자 - 포인트 파밍 의심)
390,4955958632,shyh*****,2026.04.17,4,8GB,512GB,블러시,적당해요,보통이에요,너무 이쁘고 작동도 잘되요,0,1,https://phinf.pstatic.net/checkout.phinf/20260417_28/17764006961482oKBx_JPEG/image.jpg,주의(Suspicious),30,초단문 리뷰 (14자 - 포인트 파밍 의심); 실물 인증 사진 첨부 (1장)
391,4955784950,irez*******,2026.04.17,5,8GB,512GB,인디고,가벼워요,좋아요,고작업아닌이상 아주 쾌적,0,0,,정상(Genuine),15,초단문 리뷰 (13자 - 포인트 파밍 의심); 실사용 맥락 명시 (작업)
392,4955711185,ucpa***,2026.04.16,5,8GB,512GB,블러시,적당해요,좋아요,배송도 빠르고 포장도 꼼꼼,0,1,https://phinf.pstatic.net/checkout.phinf/20260417_32/1776382545225YTgD3_JPEG/IMG_4155.jpeg,주의(Suspicious),30,초단문 리뷰 (14자 - 포인트 파밍 의심); 실물 인증 사진 첨부 (1장)
393,4955282650,zipm*****,2026.04.16,5,-,-,-,가벼워요,좋아요,가벼운 작업은 성능 갠찮은거 같은데 잘 안쓰게 되네요 패드가 있어서 그런지,0,2,https://phinf.pstatic.net/checkout.phinf/20260416_246/1776324233333KmqRs_JPEG/488.jpeg | https://phinf.pstatic.net/checkout.phinf/20260416_232/1776324233424jHeE4_JPEG/IMG_0099_Original.jpeg,정상(Genuine),0,실사용 맥락 명시 (작업); 실물 인증 사진 첨부 (2장)
394,4955267402,kenz*****,2026.04.16,5,8GB,256GB,실버,적당해요,보통이에요,이쁘네요 적당히 가지고놀기 좋습니다,0,1,https://phinf.pstatic.net/checkout.phinf/20260416_121/1776323098445NWJp6_JPEG/1776323084635.jpg,주의(Suspicious),30,초단문 리뷰 (19자 - 포인트 파밍 의심); 실물 인증 사진 첨부 (1장)
395,4955111430,nbur********,2026.04.16,5,8GB,256GB,인디고,무거워요,좋아요,세금계산서용 카톡용 간단 서류작업하기엔 휴대성도좋고 나쁘지않아요. 멀티플레이를 하는사람들에겐 버벅이거나 그럴수도있어요 단순 작업하기엔 디게가볍고 렉도없고 디게 편안해요. 맥북에어쓰시던분들 보조용으로 하나씩 가지고 다니는거 추천드려요 에어드랍도되고 최고입니다! 유튜브 시청할때 화질이 부족하지않아서 좋아요 최고!,0,1,https://phinf.pstatic.net/checkout.phinf/20260416_292/1776311192110TYNM9_JPEG/IMG_4049.jpeg,정상(Genuine),0,"실사용 맥락 명시 (작업, 맥북에어, 유튜브); 실물 인증 사진 첨부 (1장)"
396,4954963204,hipo*****,2026.04.16,5,8GB,512GB,블러시,적당해요,좋아요,사진이 은은한 핑크색을 다 담지 못하네요~ 생각보다 사용하기 편해서 잘 쓰고 있습니다. 가벼워서 휴대하기도 좋습니다~,0,1,https://phinf.pstatic.net/checkout.phinf/20260416_33/1776299341125MatPX_JPEG/IMG_1538.jpeg,정상(Genuine),0,실물 인증 사진 첨부 (1장)
397,4954910665,ipho*****,2026.04.15,5,8GB,256GB,실버,적당해요,좋아요,상품이 좋와요 아주 만족합니다,0,3,https://phinf.pstatic.net/checkout.phinf/20260416_27/1776293760313YXfPd_JPEG/IMG_8975.jpeg | https://phinf.pstatic.net/checkout.phinf/20260416_15/1776293759925ajoCf_JPEG/IMG_8973.jpeg | https://phinf.pstatic.net/checkout.phinf/20260416_206/1776293760588vitvw_JPEG/IMG_8974.jpeg,주의(Suspicious),30,초단문 리뷰 (16자 - 포인트 파밍 의심); 실물 인증 사진 첨부 (3장)
398,4954877959,mill*******,2026.04.15,5,-,-,-,적당해요,좋아요,엄청 잘 쓰고 있어요!,0,1,https://phinf.pstatic.net/checkout.phinf/20260416_294/1776284432284GILhS_JPEG/IMG_3756.jpeg,주의(Suspicious),30,초단문 리뷰 (12자 - 포인트 파밍 의심); 실물 인증 사진 첨부 (1장)
399,4954517873,lsg2***,2026.04.15,5,-,-,-,적당해요,보통이에요,잘 사용중입니다 네오 좋아요,0,1,https://phinf.pstatic.net/checkout.phinf/20260415_10/17762418639750z9pW_JPEG/image.jpg,주의(Suspicious),30,초단문 리뷰 (15자 - 포인트 파밍 의심); 실물 인증 사진 첨부 (1장)
400,4953833023,dlwo*****,2026.04.14,5,8GB,256GB,실버,적당해요,좋아요,배송 하루만에 와서 좋았어요~ 실버가 역시 근본 컬러네요 너무 이뻐요ㅋㅋ 맥북이 첨이라 아직 적응기간이 필요합니다. 윈도우만 쓰다가 쓰려니 적응이 쉽지않네요ㅋㅋ,0,4,https://phinf.pstatic.net/checkout.phinf/20260414_192/1776167916391qEmwn_JPEG/IMG_9045.jpeg | https://phinf.pstatic.net/checkout.phinf/20260414_49/1776167916401Wm3UQ_JPEG/IMG_9052.jpeg | https://phinf.pstatic.net/checkout.phinf/20260414_51/1776167915595MA6gw_JPEG/IMG_9057.jpeg | https://phinf.pstatic.net/checkout.phinf/20260414_106/1776167914723LhRpV_JPEG/IMG_9051.jpeg,정상(Genuine),0,실물 인증 사진 첨부 (4장)
401,4953620164,5872***,2026.04.14,5,8GB,256GB,블러시,무거워요,좋아요,총알배송 짱이에요~~~ 맥북 입문잔데 천천히 잘 사용해보겟슴미다 핑크 존예에요~~~~♡,0,1,https://phinf.pstatic.net/checkout.phinf/20260414_286/1776155996661sJOm2_JPEG/IMG_6846.jpeg,정상(Genuine),0,실사용 맥락 명시 (총알배송); 실물 인증 사진 첨부 (1장)
402,4953509050,seun*******,2026.04.14,5,-,-,-,무거워요,좋아요,당연히 만족하면서 씁니다 일상적인 시용 전혀 무리 안되고요 편집일은 하나도 안합니다,0,1,https://phinf.pstatic.net/checkout.phinf/20260414_63/1776149060404PQq8e_JPEG/IMG_6260.jpeg,정상(Genuine),0,실물 인증 사진 첨부 (1장)
403,4953466568,nan_***,2026.04.14,5,8GB,256GB,실버,무거워요,좋아요,서브용으로 강추 롤도 잘 돌아감,0,1,https://phinf.pstatic.net/checkout.phinf/20260414_125/1776145713172Hq0kl_JPEG/image.jpg,주의(Suspicious),30,초단문 리뷰 (17자 - 포인트 파밍 의심); 실물 인증 사진 첨부 (1장)
404,4953141048,armi***,2026.04.13,4,8GB,512GB,블러시,적당해요,좋아요,"집에 있는 탭북,데스크탑이 오래되서 사용을 못하고 있다 최근 애플사 제품으로 휴대폰 워치 패드까지 쓰고 있어서 고민하다 구매하게 됐는데 어제 받아보고 저는 처음 시작에서 버벅대긴 했지만 금방 사용할수 있었어요~화질도 맘에 들고 반응 속도도 빠르고 제가 가지고 있는것과 연동도 잘되고 아직은 만족합니다.저는 고사양 노트북이 필요하진 않아서 잘쓸것 같아요~그리고 배송포장도 꼼꼼하게 잘되서 왔어요~",0,4,https://phinf.pstatic.net/checkout.phinf/20260414_40/1776116472154K1HMk_JPEG/IMG_0277.jpeg | https://phinf.pstatic.net/checkout.phinf/20260414_41/1776116471889vtSGt_JPEG/IMG_0278.jpeg | https://phinf.pstatic.net/checkout.phinf/20260414_39/1776116471983nKerz_JPEG/IMG_0274.jpeg | https://phinf.pstatic.net/checkout.phinf/20260414_83/1776116472151tqCO6_JPEG/IMG_0276.jpeg,정상(Genuine),0,실물 인증 사진 첨부 (4장)
405,4952881279,king***,2026.04.13,5,-,-,-,가벼워요,좋아요,자녀의 노트북 입문용으로 최고 인 것 같습니다,0,1,https://phinf.pstatic.net/checkout.phinf/20260413_132/1776069754395aA6nc_JPEG/33793.jpg,정상(Genuine),5,단문 리뷰 (25자); 실물 인증 사진 첨부 (1장)
406,4952778279,cntj****,2026.04.13,5,-,-,-,적당해요,좋아요,아주 잘 쓰고 있습니다!! 너무 좋어요 예쁘고,0,1,https://phinf.pstatic.net/checkout.phinf/20260413_200/1776059675944LxDDz_JPEG/image.jpg,정상(Genuine),5,단문 리뷰 (25자); 실물 인증 사진 첨부 (1장)
407,4952727365,alon*****,2026.04.13,5,8GB,512GB,블러시,적당해요,좋아요,맥북 처음 써보는 입문자에요. 가볍게 블로그랑 문서작업 하려고 샀는데 휴대폰 가격도 안되게 저렴하게 살 수 있어서 너무 좋아요!,0,1,https://phinf.pstatic.net/checkout.phinf/20260413_56/1776055334903fxMur_JPEG/1000057942.jpg,정상(Genuine),0,"실사용 맥락 명시 (블로그, 작업); 실물 인증 사진 첨부 (1장)"
408,4952721357,kras***,2026.04.13,5,8GB,512GB,인디고,적당해요,좋아요,배송도 빠르고 너무 좋아요 :),0,0,,주의(Suspicious),45,초단문 리뷰 (17자 - 포인트 파밍 의심)
409,4952346448,cree***,2026.04.12,5,-,-,-,적당해요,좋아요,"모든게 기대이상으로 좋네요. 파이널컷, 포토샵 돌려보니 아주 잘되고 빠릿해서 이거 맞나? 싶을 정도 ㅎㅎ 고성능까지라고 할순없지만 직업으로 영상만드는 분들 아니면 진짜 맥북을 이 가격에!! 꿈 같은 거에요.",0,1,https://phinf.pstatic.net/checkout.phinf/20260412_125/1775999447581Kk3A2_JPEG/IMG_5441.jpeg,정상(Genuine),0,실사용 맥락 명시 (영상); 실물 인증 사진 첨부 (1장)
410,4952061172,jmin*****,2026.04.12,5,8GB,512GB,블러시,적당해요,좋아요,배송도 하루만에 오고 맥북도 예쁘네용 잘 쓸게요,0,2,https://phinf.pstatic.net/checkout.phinf/20260412_254/17759702362841IOT4_JPEG/IMG_5678.jpeg | https://phinf.pstatic.net/checkout.phinf/20260412_152/1775970236044wFMlO_JPEG/IMG_5675.jpeg,정상(Genuine),5,단문 리뷰 (26자); 실물 인증 사진 첨부 (2장)
411,4951926473,sams****,2026.04.12,4,8GB,256GB,인디고,적당해요,좋아요,빠른배송으로 잘받았습니다,0,0,,주의(Suspicious),45,초단문 리뷰 (13자 - 포인트 파밍 의심)
412,4951769856,mkma******,2026.04.11,5,8GB,256GB,실버,적당해요,좋아요,대학생 아이 사용한다고해 구매했어요. 좋아하네요~,0,1,https://phinf.pstatic.net/checkout.phinf/20260411_210/1775916586841eT8QT_JPEG/67669.jpg,정상(Genuine),5,단문 리뷰 (27자); 실물 인증 사진 첨부 (1장)
413,4951675830,so58***,2026.04.11,5,8GB,512GB,시트러스,무거워요,좋아요,오자마자 화면 렉 걸려서 당황하긴했는데 전화드릴까하다 인터넷 찾아보고 해결했습니다.기존 제 노트북보다 512GB라 그런지 많이 무거워서 또한번 놀랐구요. 이뻐서 그냥 쓰려구요 집에 애플제품이 많아서 호환이 되니 편하거라구요^^,0,1,https://phinf.pstatic.net/checkout.phinf/20260411_284/1775907366333jddkO_JPEG/IMG_6692.jpeg,정상(Genuine),0,"실사용 맥락 명시 (512, 화면); 실물 인증 사진 첨부 (1장)"
414,4951398621,cndg****,2026.04.11,5,8GB,512GB,인디고,적당해요,좋아요,와이프 선물입니다. 제 생명이 연장되었네요.,0,1,https://phinf.pstatic.net/checkout.phinf/20260411_80/1775883011411M6rIJ_JPEG/IMG_2448.jpeg,정상(Genuine),5,단문 리뷰 (24자); 실물 인증 사진 첨부 (1장)
415,4951395641,yong****,2026.04.11,5,8GB,256GB,실버,적당해요,좋아요,맥만 쓰는데 무게도 무겁지않고 좋네요 실사용하면서 어떤지 봐야할듯 저가형이라 어딸지궁금하네요,0,1,https://phinf.pstatic.net/checkout.phinf/20260411_5/1775882801821CG3hJ_JPEG/IMG_7398.jpeg,정상(Genuine),0,실물 인증 사진 첨부 (1장)
416,4951202920,in****,2026.04.11,5,-,-,-,가벼워요,좋아요,역시 랩탑은 맥북이죠~,0,0,,주의(Suspicious),45,초단문 리뷰 (12자 - 포인트 파밍 의심)
417,4950386867,1g****,2026.04.10,5,-,-,-,무거워요,좋아요,조카 선물로 삿는데. 잘사용 하고 잇더라고요,0,2,https://phinf.pstatic.net/checkout.phinf/20260410_216/1775779913909KVWyz_JPEG/IMG_7328.jpeg | https://phinf.pstatic.net/checkout.phinf/20260410_111/1775779913943bIE8T_JPEG/IMG_7327.jpeg,정상(Genuine),5,단문 리뷰 (24자); 실물 인증 사진 첨부 (2장)
418,4950099023,ji****,2026.04.09,5,8GB,512GB,블러시,무거워요,좋아요,이쁘네요 넘나 맥북처인데 익숙해지겟ㄴ죠,0,2,https://phinf.pstatic.net/checkout.phinf/20260409_127/17757318582022rnGa_JPEG/IMG_2464.jpeg | https://phinf.pstatic.net/checkout.phinf/20260409_123/1775731858316OORtA_JPEG/IMG_2461.jpeg,정상(Genuine),5,단문 리뷰 (21자); 실물 인증 사진 첨부 (2장)
419,4949916324,haei****,2026.04.09,5,8GB,256GB,인디고,적당해요,좋아요,노트북 예쁘고 좋아요 배송도 완전 짱짱하게 왔어요 이중포장 잘 돼있었고 하나도 안 찌그러졌는데..,0,1,https://phinf.pstatic.net/checkout.phinf/20260409_78/1775718623994xxu28_JPEG/image.jpg,정상(Genuine),0,실물 인증 사진 첨부 (1장)
420,4949893075,ghkd******,2026.04.09,5,8GB,512GB,실버,무거워요,좋아요,깔끔하고 배송도 바흐고 좋아요,0,0,,주의(Suspicious),45,초단문 리뷰 (16자 - 포인트 파밍 의심)
421,4949862439,rhyt******,2026.04.09,5,8GB,256GB,실버,적당해요,보통이에요,가성비의 감성 좋습니다,0,1,https://phinf.pstatic.net/checkout.phinf/20260409_257/1775715070372n1TTG_JPEG/tmp_8438496620879445403.jpg,주의(Suspicious),30,초단문 리뷰 (12자 - 포인트 파밍 의심); 실물 인증 사진 첨부 (1장)
422,4949720843,jjee*****,2026.04.09,5,8GB,256GB,인디고,적당해요,좋아요,빠르게배송해주셔서감사합니다 다쟌 넘이쁘네요,0,0,,정상(Genuine),20,단문 리뷰 (23자)
423,4948617221,tlsw********,2026.04.07,5,8GB,512GB,실버,적당해요,보통이에요,너ㅓㅓㅓ무 예쁘고 멈에들어요,0,1,https://phinf.pstatic.net/checkout.phinf/20260408_300/1775575330594uPWKt_JPEG/IMG_4142.jpeg,주의(Suspicious),30,초단문 리뷰 (15자 - 포인트 파밍 의심); 실물 인증 사진 첨부 (1장)
424,4948390913,choi****,2026.04.07,5,8GB,512GB,시트러스,무거워요,좋아요,완전 잘 사용중입니다. 간단하게 쓰기에 딱 좋아요.아이패드 쓰다가 조금 무거운감이 있지만 잘 사용중입니다.,0,1,https://phinf.pstatic.net/checkout.phinf/20260407_160/1775560777101AVrMy_JPEG/image.jpg,정상(Genuine),0,실물 인증 사진 첨부 (1장)
425,4948247484,ke****,2026.04.07,5,8GB,256GB,인디고,가벼워요,좋아요,애플은 역시 디자인 대장,0,3,https://phinf.pstatic.net/checkout.phinf/20260407_215/17755527410589q8b3_JPEG/22699.jpg | https://phinf.pstatic.net/checkout.phinf/20260407_180/17755527412197ki7T_JPEG/22698.jpg | https://phinf.pstatic.net/checkout.phinf/20260407_166/1775552741184ArqNJ_JPEG/22700.jpg,주의(Suspicious),30,초단문 리뷰 (13자 - 포인트 파밍 의심); 실물 인증 사진 첨부 (3장)
426,4948146693,park***,2026.04.07,5,8GB,256GB,블러시,적당해요,좋아요,배송 빠르고 좋습니다,0,0,,주의(Suspicious),45,초단문 리뷰 (11자 - 포인트 파밍 의심)
427,4948098373,hj****,2026.04.07,5,8GB,512GB,블러시,적당해요,좋아요,너무 예쁨 가격대비 최고효용,0,1,https://phinf.pstatic.net/checkout.phinf/20260407_96/1775543788435kkGAg_JPEG/IMG_5733.jpeg,주의(Suspicious),30,초단문 리뷰 (15자 - 포인트 파밍 의심); 실물 인증 사진 첨부 (1장)
428,4947922291,rosi*******,2026.04.07,5,-,-,-,적당해요,좋아요,윈도우만 쓰다가 맥 쓰려니까 적응의 기간이 필요할거같아요 이쁘기는진짜이쁨,0,1,https://phinf.pstatic.net/checkout.phinf/20260407_295/1775532100902GLmMA_JPEG/IMG_2672.jpeg,정상(Genuine),0,실물 인증 사진 첨부 (1장)
429,4947747091,haks****,2026.04.06,5,8GB,512GB,시트러스,가벼워요,좋아요,색상 예쁘고 만족해요 배송도 빨랐네요,0,1,https://phinf.pstatic.net/checkout.phinf/20260407_252/1775516653149T3dTM_JPEG/1000037274.jpg,정상(Genuine),5,단문 리뷰 (20자); 실물 인증 사진 첨부 (1장)
430,4947281390,dugp****,2026.04.06,5,8GB,512GB,시트러스,적당해요,좋아요,배송도 정말 빠르고 너무 좋아요 ㅠㅠㅠ만족!!,0,1,https://phinf.pstatic.net/checkout.phinf/20260406_91/17754496344233bzD0_PNG/sdfdsf.PNG,정상(Genuine),5,단문 리뷰 (25자); 실물 인증 사진 첨부 (1장)
431,4947265155,hans******,2026.04.06,5,8GB,256GB,블러시,가벼워요,좋아요,컴팩트하니 예쁘고 사양대비 개안습니다 학생이 쓰기에 딱 좋습니다^^,0,2,https://phinf.pstatic.net/checkout.phinf/20260406_105/1775448391394KmHJL_JPEG/IMG_1627.jpeg | https://phinf.pstatic.net/checkout.phinf/20260406_264/177544850903642awS_JPEG/IMG_1670.jpeg,정상(Genuine),0,실물 인증 사진 첨부 (2장)
432,4946658559,9700****,2026.04.05,5,8GB,256GB,블러시,적당해요,좋아요,맥시 브러시 색상 정말 예쁘네요.,0,2,https://phinf.pstatic.net/checkout.phinf/20260405_188/1775370480137qGjGh_JPEG/IMG_0547.jpeg | https://phinf.pstatic.net/checkout.phinf/20260405_163/177537047821212E6G_JPEG/IMG_0548.jpeg,주의(Suspicious),30,초단문 리뷰 (18자 - 포인트 파밍 의심); 실물 인증 사진 첨부 (2장)
433,4946448232,dwmi****,2026.04.05,5,8GB,512GB,실버,가벼워요,좋아요,인강용으로 삿습니다,0,1,https://phinf.pstatic.net/checkout.phinf/20260405_37/1775350988014KGl3K_JPEG/14683.jpg,주의(Suspicious),30,초단문 리뷰 (10자 - 포인트 파밍 의심); 실물 인증 사진 첨부 (1장)
434,4946298112,whaq****,2026.04.04,5,8GB,256GB,인디고,적당해요,좋아요,첫 맥북 한번 잘써볼게요,0,1,https://phinf.pstatic.net/checkout.phinf/20260404_133/17753099988370gRnX_JPEG/62206.jpg,주의(Suspicious),30,초단문 리뷰 (13자 - 포인트 파밍 의심); 실물 인증 사진 첨부 (1장)
435,4945157701,dlgk*****,2026.04.03,5,8GB,256GB,실버,무거워요,좋아요,👍🏻👍🏻👍🏻👍🏻👍🏻👍🏻👍🏻,0,1,https://phinf.pstatic.net/checkout.phinf/20260403_282/17751923161625sjQ1_JPEG/IMG_1344.jpeg,주의(Suspicious),30,초단문 리뷰 (14자 - 포인트 파밍 의심); 실물 인증 사진 첨부 (1장)
436,4944915285,kh****,2026.04.03,5,8GB,256GB,실버,적당해요,좋아요,배송빠르고 좋아요 잘쓸게요,0,0,,주의(Suspicious),45,초단문 리뷰 (14자 - 포인트 파밍 의심)
437,4944877375,leej********,2026.04.02,5,8GB,256GB,시트러스,무거워요,좋아요,배송을 너무 빠르게받았고 배송상태가 너무 훌륭하게 잘왔어요 만족스럽습니다 일단 잠깐 써본결과 빠르고 잘돌아 가는것같습니다 너무신속정확하게 왔서 너무 마음에 들어요 특히 색상 영롱하네용 많이파세용 ^^,0,2,https://phinf.pstatic.net/checkout.phinf/20260403_279/1775171655137wkMiD_JPEG/IMG_1663.jpeg | https://phinf.pstatic.net/checkout.phinf/20260403_121/1775171655029KseDH_JPEG/IMG_1665.jpeg,정상(Genuine),0,실물 인증 사진 첨부 (2장)
438,4944477270,pr****,2026.04.02,5,8GB,512GB,실버,무거워요,좋아요,빠르게 잘 받았습니다. 잘 사용하겠습니다.,0,1,https://phinf.pstatic.net/checkout.phinf/20260402_105/1775117944778kYiUb_JPEG/IMG_4784.jpeg,정상(Genuine),5,단문 리뷰 (23자); 실물 인증 사진 첨부 (1장)
439,4944474754,kiml****,2026.04.02,5,8GB,256GB,시트러스,적당해요,좋아요,생각했던것 보다 디자인이 예쁘네요,0,1,https://phinf.pstatic.net/checkout.phinf/20260402_92/17751177492433jDwW_JPEG/image.jpg,주의(Suspicious),30,초단문 리뷰 (18자 - 포인트 파밍 의심); 실물 인증 사진 첨부 (1장)
440,4944388815,ktjd***,2026.04.02,5,8GB,512GB,시트러스,무거워요,좋아요,빠른배송 만족합니다,0,0,,주의(Suspicious),45,초단문 리뷰 (10자 - 포인트 파밍 의심)
441,4944222933,nigh****,2026.04.02,5,8GB,256GB,실버,적당해요,좋아요,어렵지만 적응해 봐야죠 좋긴해요,0,1,https://phinf.pstatic.net/checkout.phinf/20260402_120/1775098517861NVbWg_JPEG/1000009163.jpg,주의(Suspicious),30,초단문 리뷰 (17자 - 포인트 파밍 의심); 실물 인증 사진 첨부 (1장)
442,4944211714,jele****,2026.04.02,5,8GB,512GB,실버,적당해요,좋아요,노트북 필요해서 구매했습니다 용량 작은거 살까하다 이걸 샀는데 애플꺼 첨 사다보니 usb꼽는데가 없는걸 이제 알았네요ㅠ디자인은 이뻐요 기능도 빠른거 같습니다,0,1,https://phinf.pstatic.net/checkout.phinf/20260402_203/1775097494732BhWN4_JPEG/177509745265667365545687823891.jpg,정상(Genuine),0,실물 인증 사진 첨부 (1장)
443,4944125513,fifa****,2026.04.02,5,8GB,512GB,실버,가벼워요,좋아요,빠른 배송 감사합니다,0,0,,주의(Suspicious),45,초단문 리뷰 (11자 - 포인트 파밍 의심)
444,4944104256,prat*****,2026.04.02,5,8GB,256GB,블러시,적당해요,좋아요,아이패드 용량이 부족해서 바꿀까 하다가 요즘 밖에서 문서작업 할일이 많기도 하고 핑크에 확 꽂혀서 ㅋ.ㅋ 네오 구입했습니다. 키감도 좋고 트랙패드도 전 편한데&hellip; 다음날 배송은 너무 좋은대요 큰박스에 보호재없이 맥북 박스 덜렁 들어있어요. 박스엔 파손주의 스티커도 없고&hellip; 복도에서 쿠당탕 소리에 나가보니 네오가 왔더라구요. 문제 없어서 쓰긴 하는데 배송업체는 좀 신경써주셔야할거 같아요.,0,1,https://phinf.pstatic.net/checkout.phinf/20260402_187/17750886404906C9UH_JPEG/IMG_9707.jpeg,정상(Genuine),0,실사용 맥락 명시 (작업); 실물 인증 사진 첨부 (1장)
445,4943775450,ekrk*****,2026.04.01,5,8GB,512GB,실버,적당해요,좋아요,아직 켜보기만 했지만 마감은 만족스럽네요,0,0,,정상(Genuine),20,단문 리뷰 (22자)
446,4943368636,mini********,2026.04.01,1,8GB,256GB,인디고,적당해요,보통이에요,제품 자체는 마음에 드는데 배송이 너무 별로에요 전자기기인데 테이프를 너무 대충해서 이미 떠 있는 상태구요. cj 배달인데 대면 배달로 지정했고 제가 앞에 있는데도 바닥에 던지시더라고요 고장나면 물어주시나요? 차라리 쿠 ㅍ에서 살 걸 그랬어요,0,1,https://phinf.pstatic.net/checkout.phinf/20260401_68/1775007754216tQ8eo_JPEG/IMG_1988.jpeg,정상(Genuine),0,실물 인증 사진 첨부 (1장)
447,4943203077,nanu***,2026.03.31,5,8GB,256GB,블러시,적당해요,좋아요,너무 이쁘네요ㅠㅠ 하루만에 배송와서 좋아요 전 웹서핑이랑 간단한 글 적기만 하면 돼서 고사양은 필요없구요 아이폰 써서 그런가 넘 편하네용,0,1,https://phinf.pstatic.net/checkout.phinf/20260401_10/1774973277365OztfT_JPEG/IMG_4549.jpeg,정상(Genuine),0,실물 인증 사진 첨부 (1장)
448,4943167717,jung*******,2026.03.31,5,8GB,256GB,실버,가벼워요,좋아요,안전하게 포장되어서 잘 왔어요! 디자인도 깔끔하고 예뻐요! 다만 아쉬운 건 맥북 프로에 비해 음질이 좋지 않네요. : ( 그래도 가격대비 짱!,0,0,,정상(Genuine),0,특이사항 없음
449,4942931026,leen******,2026.03.31,5,8GB,512GB,실버,적당해요,좋아요,배송도 빠르고 너무 만족합니다,0,0,,주의(Suspicious),45,초단문 리뷰 (16자 - 포인트 파밍 의심)
450,4942340428,y1****,2026.03.30,5,8GB,512GB,인디고,적당해요,좋아요,좋아요젛이요좋이요좋아요,0,0,,주의(Suspicious),45,초단문 리뷰 (12자 - 포인트 파밍 의심)
451,4942278570,jsor***,2026.03.30,4,8GB,256GB,실버,적당해요,보통이에요,실버 자판 화이트라 별로일줄알았는ㄷㅔ 꽤괜? 트랙패드 조금 시끄럽지만 가성비니꺼요오-,0,1,https://phinf.pstatic.net/checkout.phinf/20260330_184/1774877046641C1OUs_JPEG/IMG_3755.jpeg,정상(Genuine),0,실물 인증 사진 첨부 (1장)
452,4942164279,pkh2***,2026.03.30,5,8GB,256GB,실버,적당해요,좋아요,크으으 까리하네 아직 맥북 잘 쓰지는 못 할 거 같아서 네오 선택했는데 잘한듯,0,1,https://phinf.pstatic.net/checkout.phinf/20260330_260/1774866196038IrCMR_JPEG/IMG_0307.jpeg,정상(Genuine),0,실물 인증 사진 첨부 (1장)
453,4941937312,ja****,2026.03.30,5,8GB,512GB,시트러스,무거워요,좋아요,좋은상품 감사합니다 ㅎㅎ,0,1,https://phinf.pstatic.net/checkout.phinf/20260330_16/1774844541786Pxwhl_JPEG/1000124933.jpg,주의(Suspicious),30,초단문 리뷰 (13자 - 포인트 파밍 의심); 실물 인증 사진 첨부 (1장)
454,4941644064,na****,2026.03.29,5,8GB,256GB,블러시,적당해요,좋아요,원래 맥북이 있지만....핑크를 못참고 구매했네요. 예쁘고 이가격이라니...넘 맘에드네요.,0,1,https://phinf.pstatic.net/checkout.phinf/20260330_62/1774798659778q8at6_JPEG/IMG_3037.jpeg,정상(Genuine),0,실물 인증 사진 첨부 (1장)
455,4941548362,gusd*****,2026.03.29,5,8GB,512GB,시트러스,무거워요,좋아요,미친듯 고민하다 샀는데... 좋네요 대만족입니다,0,1,https://phinf.pstatic.net/checkout.phinf/20260329_110/1774787212874IBN9D_JPEG/IMG_7123.jpeg,정상(Genuine),5,단문 리뷰 (26자); 실물 인증 사진 첨부 (1장)
456,4941376501,suta******,2026.03.29,5,8GB,256GB,실버,가벼워요,좋아요,가볍고 너무예뻐요.,0,1,https://phinf.pstatic.net/checkout.phinf/20260329_270/1774769731811BpqFn_JPEG/image.jpg,주의(Suspicious),30,초단문 리뷰 (10자 - 포인트 파밍 의심); 실물 인증 사진 첨부 (1장)
457,4941203571,cott*********,2026.03.29,5,8GB,512GB,블러시,적당해요,좋아요,감사감사해요 덕분에 하루만에 받아보다니 !!!!!! 말도안되요 너무좋습니다 ㅎㅎ,0,1,https://phinf.pstatic.net/checkout.phinf/20260329_163/17747526851100bKOQ_JPEG/IMG_5716.jpeg,정상(Genuine),0,실물 인증 사진 첨부 (1장)
458,4941157012,esth*******,2026.03.29,1,8GB,512GB,인디고,적당해요,좋아요,아니;; 배송이 너무한거 아닌가요? 박스가 반뜯겨서 도착했어요 누가 일부러 확 눌렀던것처럼 테이프 너덜거리고 테이프를 안뜯어도 본품을 꺼낼 수 있을 정도였어요;;;; 정말 다행히 물건 자체는 멀쩡했지만 배송상태에 경악을 했네요 누가 훔쳐갔으면 어쩔뻔하셨나요?,0,2,https://phinf.pstatic.net/checkout.phinf/20260329_294/1774748563501Vz1RB_JPEG/IMG_0970.jpeg | https://phinf.pstatic.net/checkout.phinf/20260329_201/17747485634283tntp_JPEG/IMG_0969.jpeg,정상(Genuine),0,실물 인증 사진 첨부 (2장)
459,4940929285,hyun****,2026.03.28,5,8GB,256GB,실버,적당해요,좋아요,기대이상으로 좋네요 입문용으로 좋습니다,0,0,,정상(Genuine),20,단문 리뷰 (21자)
460,4940907889,ws88****,2026.03.28,5,8GB,512GB,실버,가벼워요,좋아요,일단 사이즈가 휴대용으로 딱 좋구요 문서작업만 하는 저한테는 성능이 모자라지 않은 것 같아요. 사실 iPad 가 너무 불편해서 넘어왔는데 훨씬 만족합니다. 가성비 최고예요.,0,1,https://phinf.pstatic.net/checkout.phinf/20260328_167/1774697704243NBvBI_JPEG/image.jpg,정상(Genuine),0,실사용 맥락 명시 (작업); 실물 인증 사진 첨부 (1장)
461,4940899578,vete****,2026.03.28,3,8GB,512GB,실버,적당해요,좋아요,"다른 리뷰에도 동일한 내용이 있는 거 같던데, 포장에 신경써서 배송하면 좋겠습니다.",0,1,https://phinf.pstatic.net/checkout.phinf/20260328_25/1774696928875Emlw1_JPEG/IMG_7505.jpeg,정상(Genuine),0,실물 인증 사진 첨부 (1장)
462,4940619793,cha5*****,2026.03.28,5,8GB,512GB,시트러스,적당해요,좋아요,잘 사용할게요~~~,0,1,https://phinf.pstatic.net/checkout.phinf/20260328_9/1774672503029Ewz1p_JPEG/IMG_4819.jpeg,주의(Suspicious),30,초단문 리뷰 (10자 - 포인트 파밍 의심); 실물 인증 사진 첨부 (1장)
463,4940347138,qd****,2026.03.27,5,8GB,512GB,실버,적당해요,좋아요,배송도 완전 빠르고 좋아요 인터넷도 빠르고 아이폰미러링도 돼서 좋아요 패드쓰다가 팔고 허전했는데 맥북네오 잘샀어요,0,1,https://phinf.pstatic.net/checkout.phinf/20260328_83/1774625820205goPJP_JPEG/IMG_8228.jpeg,정상(Genuine),0,실물 인증 사진 첨부 (1장)
464,4940228715,ih****,2026.03.27,4,8GB,512GB,실버,적당해요,좋아요,119 말고 99 짜리 살 걸 그랬나 싶네요 ㅋ,0,1,https://phinf.pstatic.net/checkout.phinf/20260327_28/1774612791539VNfcT_JPEG/image.jpg,정상(Genuine),5,단문 리뷰 (26자); 실물 인증 사진 첨부 (1장)
465,4940026574,hsh6***,2026.03.27,5,8GB,512GB,인디고,가벼워요,좋아요,배송도 빠르고 포장도 꼼꼼하네요. 맥북 네오 실제로 보니까 엄청 작고 가벼워요. 넘나 소중한것 ㅋ,0,0,,정상(Genuine),0,특이사항 없음
466,4940020299,isd0***,2026.03.27,5,8GB,512GB,실버,적당해요,좋아요,가성비가 상당히 좋아요,0,1,https://phinf.pstatic.net/checkout.phinf/20260327_88/1774596457499m4JSp_JPEG/image.jpg,주의(Suspicious),30,초단문 리뷰 (12자 - 포인트 파밍 의심); 실물 인증 사진 첨부 (1장)
467,4939775318,baby********,2026.03.27,5,8GB,512GB,시트러스,가벼워요,좋아요,배송이 진짜 빨라서 좋았어용 !!,0,2,https://phinf.pstatic.net/checkout.phinf/20260327_17/1774580740119Q9cqR_JPEG/1000033507.jpg | https://phinf.pstatic.net/checkout.phinf/20260327_279/17745807383902kvWd_JPEG/1000033506.jpg,주의(Suspicious),30,초단문 리뷰 (18자 - 포인트 파밍 의심); 실물 인증 사진 첨부 (2장)
468,4939725017,peon*********,2026.03.27,5,-,-,-,적당해요,좋아요,사용하기 좋아요 ㅠㅠ 예뻐요,0,1,https://phinf.pstatic.net/checkout.phinf/20260327_153/1774577287878NtQRd_JPEG/IMG_2073.jpeg,주의(Suspicious),30,초단문 리뷰 (15자 - 포인트 파밍 의심); 실물 인증 사진 첨부 (1장)
469,4939467814,mihy******,2026.03.26,5,8GB,256GB,실버,적당해요,좋아요,"폰,워치,패드까지 애플인데 놋북만 윈도우라 맥북 입문용으로 샀어요 받자마자 몇가지 설정하고 만져봤는데 어려워요🥲 공부 좀 해봐야겠네요ㅋㅋㅋ",0,1,https://phinf.pstatic.net/checkout.phinf/20260326_126/1774531649602UwWgK_JPEG/IMG_7941.jpeg,정상(Genuine),0,실물 인증 사진 첨부 (1장)
470,4939351735,rare*****,2026.03.26,5,8GB,256GB,실버,적당해요,보통이에요,두번째 맥북 잘 써볼게요~,0,1,https://phinf.pstatic.net/checkout.phinf/20260326_13/1774523319446YbluK_JPEG/IMG_9301.jpeg,주의(Suspicious),30,초단문 리뷰 (14자 - 포인트 파밍 의심); 실물 인증 사진 첨부 (1장)
471,4939209635,juju****,2026.03.26,5,8GB,512GB,블러시,적당해요,좋아요,드디어 샀네요. 큰딸이 좋아해요. 잘쓰겠습니다.~~~,0,1,https://phinf.pstatic.net/checkout.phinf/20260326_170/1774512449939B56oW_JPEG/1000013322.jpg,정상(Genuine),5,단문 리뷰 (29자); 실물 인증 사진 첨부 (1장)
472,4939163701,kimu****,2026.03.26,5,8GB,512GB,실버,가벼워요,좋아요,빠르게 잘 받았습니다 ㅎㅎ 이뿌고 좋습니다,0,1,https://phinf.pstatic.net/checkout.phinf/20260326_146/1774509086404CmfBF_JPEG/IMG_3422.jpeg,정상(Genuine),5,단문 리뷰 (23자); 실물 인증 사진 첨부 (1장)
473,4939022040,free*****,2026.03.26,5,8GB,256GB,블러시,적당해요,좋아요,상품 잘 받았습니다.,0,0,,주의(Suspicious),45,초단문 리뷰 (11자 - 포인트 파밍 의심)
474,4938815122,cour*****,2026.03.25,5,-,-,-,적당해요,좋아요,이가격에 이성능으면 대만족입니다. 아이폰과 궁합이 아주 좋아요,0,1,https://phinf.pstatic.net/checkout.phinf/20260326_288/17744811882093hFLO_JPEG/IMG_4423.jpeg,정상(Genuine),5,단문 리뷰 (34자); 실물 인증 사진 첨부 (1장)
475,4938738162,jinh******,2026.03.25,5,8GB,256GB,시트러스,적당해요,좋아요,사전예약못해서 반포기상태였는데 라이브때 좋은 혜택때 언넝 주문했어요 색상도 넘 이쁘고 만족중~~,0,1,https://phinf.pstatic.net/checkout.phinf/20260326_49/1774452314690BeXYb_JPEG/image.jpg,정상(Genuine),0,실물 인증 사진 첨부 (1장)
476,4938715036,blue*******,2026.03.25,5,8GB,256GB,실버,적당해요,좋아요,밤 11시 30분쯤에 결제했는데도 17시간만에 배송해주시네요. 좋은 제품 빠른 배송 감사합니다^^,0,1,https://phinf.pstatic.net/checkout.phinf/20260325_233/1774449198262DSirN_JPEG/1000039357.jpg,정상(Genuine),0,실물 인증 사진 첨부 (1장)
477,4938489961,didq****,2026.03.25,5,8GB,512GB,실버,무거워요,좋아요,물건도 빠르고 배송도 좋아요,0,1,https://phinf.pstatic.net/checkout.phinf/20260325_270/1774433553144t2DYP_PNG/2026-03-25201920122020.png,주의(Suspicious),30,초단문 리뷰 (15자 - 포인트 파밍 의심); 실물 인증 사진 첨부 (1장)
478,4938216920,dlgp*******,2026.03.25,5,8GB,512GB,블러시,적당해요,좋아요,배송도 진짜 빠르고 넘 만족합니다!! 그리고 너무 이뻐요ㅠㅠ,0,1,https://phinf.pstatic.net/checkout.phinf/20260325_273/1774413936477mB4hk_JPEG/IMG_9412.jpeg,정상(Genuine),5,단문 리뷰 (33자); 실물 인증 사진 첨부 (1장)
479,4937376300,seer****,2026.03.24,5,-,-,-,무거워요,좋아요,간편하게 사용하기 좋아요 애플 제품들 아이클라우드로 다 연동하고 있어서 그런 용도로 잘 쓸 거 같아요,0,1,https://phinf.pstatic.net/checkout.phinf/20260324_197/1774333538287jlHTF_JPEG/IMG_7355.jpeg,정상(Genuine),0,실물 인증 사진 첨부 (1장)
480,4936463860,suji*****,2026.03.23,5,8GB,512GB,시트러스,무거워요,좋아요,가볍고 반응 빠르고 너무 좋아요,0,1,https://phinf.pstatic.net/checkout.phinf/20260323_233/1774230711801NON3U_JPEG/IMG_2516.jpeg,주의(Suspicious),30,초단문 리뷰 (17자 - 포인트 파밍 의심); 실물 인증 사진 첨부 (1장)
481,4934576751,gn****,2026.03.20,5,-,-,-,적당해요,좋아요,기본기능을 다갖춘 새모델인데 가격까지 혜자롭네요,0,0,,정상(Genuine),20,단문 리뷰 (26자)
482,4934384112,xy****,2026.03.20,5,-,-,-,적당해요,좋아요,저렴한 맥북 이라 씁니다,0,1,https://phinf.pstatic.net/checkout.phinf/20260320_62/1773971597218cD7OP_JPEG/1000010386.jpg,주의(Suspicious),30,초단문 리뷰 (13자 - 포인트 파밍 의심); 실물 인증 사진 첨부 (1장)
483,4933881259,sgle*****,2026.03.19,5,-,-,-,적당해요,좋아요,역시 애플이네요 좋습니다.,0,1,https://phinf.pstatic.net/checkout.phinf/20260319_196/1773906395933dFNLL_JPEG/1773906385868.jpg,주의(Suspicious),30,초단문 리뷰 (14자 - 포인트 파밍 의심); 실물 인증 사진 첨부 (1장)
484,4933562563,inro****,2026.03.19,5,-,-,-,적당해요,좋아요,아이가 좋아해서 사준 보람이 있네요. 일반적으로 사용하는 문서작성과 웹서핑 정도에서는 충분한 듯 합니다,0,1,https://phinf.pstatic.net/checkout.phinf/20260319_258/1773881396281xflHs_JPEG/1000053651.jpg,정상(Genuine),0,실물 인증 사진 첨부 (1장)
485,4933451523,brig***,2026.03.18,5,-,-,-,가벼워요,좋아요,가성비 맥북이라 바로 주문했습니다 색상도 옐로우 골드 연두등이 오묘하게 빛나는 색이라 더 맘에 드네요,0,1,https://phinf.pstatic.net/checkout.phinf/20260319_171/1773852992634d2E6Y_JPEG/IMG_8821.jpeg,정상(Genuine),0,실물 인증 사진 첨부 (1장)
486,4933361556,mill*******,2026.03.18,5,-,-,-,적당해요,좋아요,너무 사고싶었는데 빨리 사서 좋아요!,0,1,https://phinf.pstatic.net/checkout.phinf/20260318_170/1773840249199E5JYh_JPEG/image.jpg,정상(Genuine),5,단문 리뷰 (20자); 실물 인증 사진 첨부 (1장)
487,4933180593,yh****,2026.03.18,5,-,-,-,적당해요,좋아요,간만에 맥북 쓰니 그새 많이 좋아졌네요.,0,2,https://phinf.pstatic.net/image.nmv/shopnbuyer_2026_03_18_1624/IB5ZCTs7fN_03.jpg | https://phinf.pstatic.net/checkout.phinf/20260318_256/1773828849865PmTq8_JPEG/1773828840084.jpg,정상(Genuine),5,단문 리뷰 (22자); 실물 인증 사진 첨부 (2장)
488,4933122768,gogo*****,2026.03.18,5,-,-,-,적당해요,좋아요,빠르게 잘 받았습니다.,0,1,https://phinf.pstatic.net/checkout.phinf/20260318_210/1773824803450XHtSn_JPEG/1000027192.jpg,주의(Suspicious),30,초단문 리뷰 (12자 - 포인트 파밍 의심); 실물 인증 사진 첨부 (1장)
489,4932523878,patr******,2026.03.17,5,-,-,-,무거워요,좋아요,맥북 네오. 자녀가 좋아하네요.,0,0,,주의(Suspicious),45,초단문 리뷰 (17자 - 포인트 파밍 의심)
490,4932190159,zipm*****,2026.03.17,5,-,-,-,가벼워요,좋아요,빠르게 배송왔고 안전포장해서 왔어요 만족,0,2,https://phinf.pstatic.net/checkout.phinf/20260317_233/1773737890336Fayxc_JPEG/IMG_0101.jpeg | https://phinf.pstatic.net/checkout.phinf/20260317_79/17737378905256Vkt5_JPEG/IMG_0099.jpeg,정상(Genuine),5,단문 리뷰 (22자); 실물 인증 사진 첨부 (2장)
491,4931952664,audi******,2026.03.17,5,-,-,-,적당해요,보통이에요,애플 만듦새 그 자체 속도는 잘 모르겠음,0,0,,정상(Genuine),20,단문 리뷰 (22자)
492,4931651651,kimy*****,2026.03.16,5,-,-,-,적당해요,좋아요,너무 영롱하고 이뻐요!! 잘쓰겠습니다 :),0,1,https://phinf.pstatic.net/checkout.phinf/20260317_121/1773677299441oRqT1_JPEG/IMG_6090.jpeg,정상(Genuine),5,단문 리뷰 (23자); 실물 인증 사진 첨부 (1장)
493,4930987976,lgh2****,2026.03.15,4,-,-,-,무거워요,보통이에요,배송은 빨랐어요 ㅎㅎ,0,1,https://phinf.pstatic.net/checkout.phinf/20260316_53/17736171017671bqIJ_JPEG/image.jpg,주의(Suspicious),30,초단문 리뷰 (11자 - 포인트 파밍 의심); 실물 인증 사진 첨부 (1장)
494,4930857559,jiyo****,2026.03.15,5,-,-,-,가벼워요,좋아요,선물받은학생들이 넘 좋아해요~,0,1,https://phinf.pstatic.net/checkout.phinf/20260315_299/1773580649678UF6WR_JPEG/1000020745.jpg,주의(Suspicious),30,초단문 리뷰 (16자 - 포인트 파밍 의심); 실물 인증 사진 첨부 (1장)
495,4930674851,tnwl********,2026.03.15,5,-,-,-,적당해요,좋아요,배송 엄청 빠르네요 다음날 바로 받아서 좋아요 디자인 깔끔하고 맘에 듭니당,0,2,https://phinf.pstatic.net/checkout.phinf/20260315_191/17735644320826Y3JC_JPEG/IMG_6934.jpeg | https://phinf.pstatic.net/checkout.phinf/20260315_49/17735644319768t4YJ_JPEG/IMG_6932.jpeg,정상(Genuine),0,실물 인증 사진 첨부 (2장)
496,4930165685,byun******,2026.03.14,4,-,-,-,무거워요,좋아요,약간 무게가 있는편.,0,0,,주의(Suspicious),45,초단문 리뷰 (11자 - 포인트 파밍 의심)
497,4930121554,wong******,2026.03.14,5,-,-,-,적당해요,좋아요,고민하다가 이동할때 간단한 작업하기 좋을것 같아서 구매했어요! 첫 맥북인데 열심히 잘 활용해보려구요 ㅎㅎ,0,2,https://phinf.pstatic.net/checkout.phinf/20260314_99/1773488745525tXN0K_JPEG/image.jpg | https://phinf.pstatic.net/checkout.phinf/20260314_71/1773488762482yifnu_JPEG/image.jpg,정상(Genuine),0,실사용 맥락 명시 (작업); 실물 인증 사진 첨부 (2장)
498,4930060657,seun*******,2026.03.14,5,-,-,-,적당해요,좋아요,잘 쓸꺼 같습니다 크기 적당하고요 터치 아이디가 훨 편합니다,0,1,https://phinf.pstatic.net/checkout.phinf/20260314_219/1773483546952fRNpp_JPEG/image.jpg,정상(Genuine),5,단문 리뷰 (33자); 실물 인증 사진 첨부 (1장)
499,4929745706,db****,2026.03.14,5,-,-,-,적당해요,좋아요,제품 너무 기대하며 기다렸습니다. 컬러감이 너무 예쁘고 시크합니다.고등학생이 사용하기에 너무 적당한것같습니다. 문서나 동영상보고 간단한 작업하기에는 너무 만족스럽고 배터리는 역시 아주 오래갑니다. 다른 스펙들은 백라이트는 원래 별로 상관없고 지문인식은 아쉽기는 하지만 그렇다고 110넘기는 가격보다는 99만원이에 가치가 있다고 생각해서 ....; 가격도 미국보다는 비싸지만 요즘 99만원이면 핸드폰보다 싼가격이라...하나더 살까 고민이 됩니다. 너무 예쁩니다~그리고 가격대비 만족합니다.,0,1,https://phinf.pstatic.net/checkout.phinf/20260314_74/1773458361030kPrhb_JPEG/1000009079.jpg,정상(Genuine),0,"실사용 맥락 명시 (작업, 영상, 배터리); 실물 인증 사진 첨부 (1장)"
500,4929432276,ehaf*****,2026.03.13,5,-,-,-,적당해요,좋아요,넘 예뻐요ㅠㅠ 배송도 바로 다음날에 와서 구웃~~~,0,1,https://phinf.pstatic.net/checkout.phinf/20260313_148/1773406915539fLt01_JPEG/IMG_4313.jpeg,정상(Genuine),5,단문 리뷰 (28자); 실물 인증 사진 첨부 (1장)
501,4929373535,ansx*******,2026.03.13,5,-,-,-,적당해요,좋아요,배송 24시간도 안돼서 도착..! 포장 배송상태 깔끔하고 네오 너무 맘에들어여 ㅎㅎ,0,1,https://phinf.pstatic.net/checkout.phinf/20260313_181/1773402172250h2C60_JPEG/IMG_9010.jpeg,정상(Genuine),0,실물 인증 사진 첨부 (1장)
502,4929353448,h_ji***,2026.03.13,5,-,-,-,적당해요,보통이에요,잘슬개요 넘 예1&lsquo;쁘당,0,1,https://phinf.pstatic.net/checkout.phinf/20260313_267/1773400690248BVM5R_JPEG/IMG_5080.jpeg,주의(Suspicious),30,초단문 리뷰 (18자 - 포인트 파밍 의심); 실물 인증 사진 첨부 (1장)
503,4929353169,h_ji***,2026.03.13,5,-,-,-,적당해요,보통이에요,잘쓸개요 넘 예쁘당,0,1,https://phinf.pstatic.net/checkout.phinf/20260313_45/1773400662104mylNG_JPEG/IMG_5080.jpeg,주의(Suspicious),30,초단문 리뷰 (10자 - 포인트 파밍 의심); 실물 인증 사진 첨부 (1장)
504,4929301296,love*******,2026.03.13,5,-,-,-,적당해요,좋아요,총알배송이네요 잘싸용할것같아요,0,1,https://phinf.pstatic.net/checkout.phinf/20260313_34/177339667146126VcA_JPEG/IMG_3742.jpeg,정상(Genuine),0,초단문 리뷰 (16자 - 포인트 파밍 의심); 실사용 맥락 명시 (총알배송); 실물 인증 사진 첨부 (1장)
505,4929223666,skyl*******,2026.03.13,3,-,-,-,적당해요,보통이에요,음 생각보다 인디고 색상이 이쁘네요,0,1,https://phinf.pstatic.net/checkout.phinf/20260313_184/1773390699989xQueK_JPEG/image.jpg,주의(Suspicious),30,초단문 리뷰 (19자 - 포인트 파밍 의심); 실물 인증 사진 첨부 (1장)
506,4929184275,2k****,2026.03.13,5,-,-,-,가벼워요,좋아요,빠르게 받았어요. 디자인도 좋고 잘 작동합니다.,0,0,,정상(Genuine),20,단문 리뷰 (26자)
507,4929103867,wate****,2026.03.13,5,-,-,-,적당해요,좋아요,잘 받았습니다 색감이 사진보다 좋네요,0,1,https://phinf.pstatic.net/checkout.phinf/20260313_233/1773383268136oVlO2_JPEG/IMG_6976.jpeg,정상(Genuine),5,단문 리뷰 (20자); 실물 인증 사진 첨부 (1장)
508,4928993898,ls****,2026.03.13,5,-,-,-,무거워요,보통이에요,무개는 조금 묵직함 나머지는 굿,0,0,,주의(Suspicious),45,초단문 리뷰 (17자 - 포인트 파밍 의심)
509,4928695916,zipp***,2026.03.12,5,-,-,-,적당해요,좋아요,빠른 배송 감사합니다,0,1,https://phinf.pstatic.net/checkout.phinf/20260313_215/1773352756201z6v5B_JPEG/image.jpg,주의(Suspicious),30,초단문 리뷰 (11자 - 포인트 파밍 의심); 실물 인증 사진 첨부 (1장)
510,4928436988,lsg2***,2026.03.12,5,-,-,-,적당해요,보통이에요,좋아요 빠른배송 감사합니다,0,1,https://phinf.pstatic.net/checkout.phinf/20260312_60/1773312376275VXdkY_JPEG/IMG_3290.jpeg,주의(Suspicious),30,초단문 리뷰 (14자 - 포인트 파밍 의심); 실물 인증 사진 첨부 (1장)
511,4928342765,in****,2026.03.12,5,-,-,-,가벼워요,좋아요,좋아요!!!!!!!,0,0,,의심(Bot/Abuse),65,초단문 리뷰 (10자 - 포인트 파밍 의심); 단순 감정표현/기호 반복 비율 과다 (>30%)
512,4928246761,many****,2026.03.12,5,-,-,-,가벼워요,좋아요,첫 맥북으로 딱. 가볍고 좋아요,0,2,https://phinf.pstatic.net/checkout.phinf/20260312_70/1773298741314n55Dc_JPEG/IMG_8280.jpeg | https://phinf.pstatic.net/checkout.phinf/20260312_144/1773298741171OiMqJ_JPEG/IMG_8279.jpeg,주의(Suspicious),30,초단문 리뷰 (17자 - 포인트 파밍 의심); 실물 인증 사진 첨부 (2장)
513,4928238912,sm****,2026.03.12,5,-,-,-,적당해요,좋아요,배송 빨링하서 좋아요 M1 맥북 사용 중인데 키보드 백러이트 빼고 차이 없네요 ㅎㅎㅎ,0,0,,정상(Genuine),0,실사용 맥락 명시 (m1)
514,4928223207,cntj****,2026.03.12,5,-,-,-,적당해요,좋아요,간단하게 쓰는 저에게는 최고의 맥북 너무 예뻐요!!,0,1,https://phinf.pstatic.net/checkout.phinf/20260312_134/1773297103497dNy21_JPEG/image.jpg,정상(Genuine),5,단문 리뷰 (28자); 실물 인증 사진 첨부 (1장)
515,4928166857,zzzv***,2026.03.12,5,-,-,-,무거워요,좋아요,빠른 배송 너무 좋아요 사전예약+ 포인트 해서 94?에 구입했네요 맥북은 처음인데 잘 적응 해봐야겠어요 넘 이쁩니다 그리고 기스 나도 티 잘 안나는거 같아요 어케 아냐구요? 침대 사이에 껴서 제대로 긁혔거덩여 ㅎ ㅎ ㅎ ㅎ 생각보다 더 무겁지만 예쁘니까 용서 됨!,0,1,https://phinf.pstatic.net/checkout.phinf/20260312_27/1773293040322NeviJ_JPEG/IMG_2463.jpeg,정상(Genuine),0,실물 인증 사진 첨부 (1장)
516,4928126742,king***,2026.03.12,5,-,-,-,가벼워요,좋아요,아들 고등학교 입학 선물로 줬는데 좋아하네요 ㅎ,0,2,https://phinf.pstatic.net/checkout.phinf/20260312_281/17732901634220MLRc_JPEG/33793.jpg | https://phinf.pstatic.net/checkout.phinf/20260312_90/1773290163677pieJ6_JPEG/33794.jpg,정상(Genuine),5,단문 리뷰 (26자); 실물 인증 사진 첨부 (2장)
517,4927971463,sh****,2026.03.12,5,-,-,-,적당해요,보통이에요,잘 받았습니다 감사합니다,0,0,,주의(Suspicious),45,초단문 리뷰 (13자 - 포인트 파밍 의심)
518,4927930585,jeon******,2026.03.12,5,-,-,-,적당해요,좋아요,"너무예뻐요 ,,!!",0,2,https://phinf.pstatic.net/checkout.phinf/20260312_276/1773275665407cB3TM_JPEG/SODA1773234892.jpeg | https://phinf.pstatic.net/checkout.phinf/20260312_57/1773275666008JgPrq_JPEG/IMG_7725.jpeg,주의(Suspicious),30,초단문 리뷰 (10자 - 포인트 파밍 의심); 실물 인증 사진 첨부 (2장)
519,4927881683,cree***,2026.03.11,5,-,-,-,적당해요,좋아요,아직 더 사용해보겠지만... 17년 맥북프로를 쓰다가 바꾼거라 일단 너무 좋네요. 애플실리콘에 폰에 들어갔던 A18칩이 들어가서 약간 별로겠거니 했는데... 이건 너무 잘 돌아갑니다. 발열도 거의 없고.. 팬이 없으니 소음도 없고 ㅎ 디자인 가격때문에 선택한거지만 저로썬 아주 잘산거 같아요.,0,3,https://phinf.pstatic.net/checkout.phinf/20260312_45/1773271161348QhNVI_JPEG/IMG_5336.jpeg | https://phinf.pstatic.net/checkout.phinf/20260312_110/1773271161541a7Qbq_JPEG/IMG_5337.jpeg | https://phinf.pstatic.net/checkout.phinf/20260312_145/1773271161185bMTdT_JPEG/IMG_5325.jpeg,정상(Genuine),0,"실사용 맥락 명시 (발열, 소음); 실물 인증 사진 첨부 (3장)"
520,4927799721,kkon*******,2026.03.11,5,-,-,-,적당해요,좋아요,맥북 입문용으로 구매했는데 기대보다 디자인 이쁘고 퀄리티 좋아요. 윈도우랑 다른 부분이 많지만 천천히 배워야겠습니다! 입문자 강추!,0,1,https://phinf.pstatic.net/checkout.phinf/20260312_63/1773241950795KlgJd_JPEG/1000001290.jpg,정상(Genuine),0,실물 인증 사진 첨부 (1장)
521,4927708138,alru*****,2026.03.11,5,-,-,-,적당해요,보통이에요,색감 너무너무 예쁘고 사전예약 할인까지 해줘서 감사해요ㅜ,0,2,https://phinf.pstatic.net/checkout.phinf/20260311_162/1773234000461hziit_JPEG/IMG_1581.jpeg | https://phinf.pstatic.net/checkout.phinf/20260311_110/1773234000557Cev5r_JPEG/IMG_3052.jpeg,정상(Genuine),5,단문 리뷰 (31자); 실물 인증 사진 첨부 (2장)
522,4927611921,ld****,2026.03.11,3,-,-,-,적당해요,보통이에요,맥북은 처음이라 조금 어렵네요,0,1,https://phinf.pstatic.net/checkout.phinf/20260311_169/1773228095140jilv2_JPEG/IMG_5432.jpeg,주의(Suspicious),30,초단문 리뷰 (16자 - 포인트 파밍 의심); 실물 인증 사진 첨부 (1장)
523,4927607153,qkqv****,2026.03.11,5,-,-,-,적당해요,좋아요,본일정에 잘 도착했습니다.,0,1,https://phinf.pstatic.net/checkout.phinf/20260311_262/1773227821483U5nQR_JPEG/image.jpg,주의(Suspicious),30,초단문 리뷰 (14자 - 포인트 파밍 의심); 실물 인증 사진 첨부 (1장)
524,4927401878,dark******,2026.03.11,5,-,-,-,적당해요,보통이에요,맥북은 처음이라 기대가 됩니다.,0,1,https://phinf.pstatic.net/checkout.phinf/20260311_89/1773213958561DLGyH_JPEG/IMG_0135.jpeg,주의(Suspicious),30,초단문 리뷰 (17자 - 포인트 파밍 의심); 실물 인증 사진 첨부 (1장)
525,4927323026,1g****,2026.03.11,5,-,-,-,무거워요,좋아요,포장좀 신경써서 해주세요. 박스테이프도 제댜로 안붙어서 오네요,0,5,https://phinf.pstatic.net/checkout.phinf/20260311_273/1773208543103BLi4z_JPEG/IMG_7320.jpeg | https://phinf.pstatic.net/checkout.phinf/20260311_206/1773208543329Ytjjk_JPEG/IMG_7323.jpeg | https://phinf.pstatic.net/checkout.phinf/20260311_135/1773208524254Rm8CV_JPEG/IMG_7322.jpeg | https://phinf.pstatic.net/checkout.phinf/20260311_132/1773208521331x9Qj6_JPEG/IMG_7319.jpeg | https://phinf.pstatic.net/checkout.phinf/20260311_185/1773208535241v3mdM_JPEG/IMG_7321.jpeg,정상(Genuine),5,단문 리뷰 (34자); 실물 인증 사진 첨부 (5장)
526,4927258668,j2s4***,2026.03.11,5,-,-,-,무거워요,좋아요,배송 빠르고 좋아요,0,1,https://phinf.pstatic.net/checkout.phinf/20260311_147/1773204008902uOMib_JPEG/image.jpg,주의(Suspicious),30,초단문 리뷰 (10자 - 포인트 파밍 의심); 실물 인증 사진 첨부 (1장)
